[Relic Names]|en|fi|pt|ru|zh|ja|ko|de|fr
relic_devilHorn|Devil Horn|Pirunsarvi|Chifre do Demônio|Дьявольский Рог|恶魔之角|デビル・ホーン|악마의 뿔 (Devil Horn)|Teufelshorn|Corne du diable
relic_demonSheep|Demon Sheep|Paholaislammas|Ovelha Demoníaca|Демоническая Овца|恶魔羊|デーモン・シープ|악마의 양 (Demon Sheep)|Dämonenschaf|Mouton démoniaque
relic_doomFlute|Doom Flute|Tuhon huilu|Flauta da Desgraça|Флейта Судьбы|末日之笛|ドゥーム・フルート|파멸의 피리 (Doom Flute)|Verderbensflöte|Flûte du destin
relic_frozenOrb|Frozen Orb|Jääkristalli|Orbe Congelado|Замороженный Шар|霜冻之球|フローズン・オーブ|얼어붙은 구슬 (Frozen Orb)|Gefrorene Kugel|Orbe gelée
relic_nunchucks|Nunchucks|Nunchakut|Nunchaku|Нунчаки|双截棍|ヌンチャク|쌍절곤 (Nunchucks)|Nunchakus|Nunchakus
relic_rubberDuck|Rubber Duck|Kumiankka|Pato de Borracha|Резиновая Утка|橡胶鸭|ゴム製のアヒル|욕조용 오리 (Rubber Duck)|Badeente|Canard en caoutchouc
relic_skullAxe|Skull Axe|Pääkallokirves|Machado de Caveira|Топор из Черепа|骷髅斧|スカル・アックス|해골 도끼 (Skull Axe)|Totenkopf-Axt|Hache de bourreau
relic_theSpoon|The Spoon|Lusikka|A Colher|Ложка|勺子|スプーン|구부러진 숟가락 (The Spoon)|Der Löffel|La cuillère
relic_stormDagger|Storm Dagger|Myrskytikari|Adaga da Tempestade|Кинжал Бури|风暴匕首|ストーム・ダガー|폭풍 단검 (Storm Dagger)|Sturmdolch|Poignard de tempête
relic_odinsSword|Odin's Sword|Odinin miekka|Espada de Odin|Меч Одина|奥丁之剑|オーディンのソード|오딘의 검 (Odin's Sword)|Odins Schwert|L'épée d'Odin
relic_theAmputationKit|The Amputation Kit|Amputointivälineet|O Kit de Amputação|Набор для Ампутации|截肢工具包|切断キット|절단 수술 키트 (The Amputation Kit)|Das Amputationskit|Le kit d'amputation
relic_skullBat|Skullbat|Kallolepakko|Morcego-caveira|Тюбетейка|骷髅蝙蝠|スカル・バット|해골 박쥐 (Skullbat)|Totenkopf-Fledermaus|Crâne de chauve-souris
relic_shredder|Shredder|Silppuri|Triturador|Измельчитель|粉碎器|シュレッダー|분쇄날 (Shredder)|Schredder|Déchiqueteuse
relic_stigmata|Stigmata|Stigmata|Estigma|Стигматы|圣痕|スティグマタ|성흔 (Stigmata)|Stigmata|Stigmates
relic_magicMushroom|Magic Mushroom|Taikasieni|Cogumelo Mágico|Волшебный Гриб|魔法菇|マジック ・ マッシュルーム|마법 버섯 (Magic Mushroom)|Magischer Pilz|Champignon magique
relic_jefresSubscription|Jefre's Subscription|Jefren tilaus|Inscrição de Jefre|Подписка Джефри|杰尔弗的手稿|ジェフルの定期購読|제프리의 구독서 (Jefre's Subscription)|Jefre's Abo|Abonnement à Jefre
relic_rockBelt|Rock Belt|Rock-vyö|Cinto do Rock|Каменный Пояс|火箭腰带|ロックベルト|록 벨트 (Rock Belt)|Felsengürtel|Ceinture rock'n'roll
relic_sausage|Sausage|Makkara|Linguiça|Колбаса|香肠|ソーセージ|소시지 (Sausage)|Wurst|Saucisse
relic_spiritSkull|Spirit Skull|Sielupääkallo|Crânio Espiritual|Череп Духа|灵魂头骨|スピリット・スカル|영혼의 해골 (Spirit Skull)|Geisterschädel|Crâne d'esprit
relic_apple|Apple|Omena|Maçã|Apple|苹果|リンゴ|사과 (Apple)|Apfel|Pomme
relic_fetus|F.E.T.U.S.|S.I.K.I.Ö.|F.E.T.O|F.E.T.U.S.|胎儿|胎児|ㅌ.ㅐ.ㅇ.ㅏ. (F.E.T.U.S.)|F.E.T.U.S.|F.E.T.U.S.
relic_theEye|The Eye|Silmä|O Olho|Глаз|眼|目|눈알 (The Eye)|Das Auge|L'oeil
relic_devilSkull|Devil Skull|Pirukallo|Crânio do Diabo|Череп Дьявола|恶魔头骨|デビル・スカル|악마의 해골 (Devil Skull)|Teufelsschädel|Crâne de diable
relic_whip|Whip|Ruoska|Chicote|Хлыст|鞭子|ホイップ|채찍 (Whip)|Peitsche|Fouet
relic_cake|Cake|Kakku|Bolo|Торт|蛋糕|ケーキ|케이크 (Cake)|Kuchen|Gâteau
relic_cookiesMilk|Cookies & Milk|Keksejä & Maitoa|Biscoitos & Leite|Печенье и молоко|饼干&牛奶|クッキー＆ミルク|쿠키와 우유 (Cookies & Milk)|Kekse & Milch|Lait et cookies
relic_blazingBoots|Blazing Boots|Liekkisaappaat|Botas Ardentes|Сверкающие Сапоги|闪耀之靴|ブレイジングブーツ|불타는 부츠 (Blazing Boots)|Flammende Stiefel|Bottes flamboyantes
relic_charmedBlood|Charmed Blood|Lumottu veri|Sangue Encantado|Зачарованная Кровь|魅力之血|魅惑な血|매혹의 피 (Charmed Blood)|Verzaubertes Blut|Sang contaminé
relic_shrunkenHead|Shrunken Head|Kutistunut pää|Cabeça Encolhida|Сморщенная Голова|干缩头颅|シュルンケンヘッド|일그러진 얼굴 (Shrunken Head)|Schrumpfkopf|Tête de raton laveur
relic_oddBookOfSpells|Odd Book of Spells|Outo taikakirja|Livro Estranho de Magias|Странная книга заклинаний|奇怪的咒语书|奇妙な呪文書|이상한 주문서 (Odd Book of Spells)|Seltsames Zauberbuch|Curieux livre de sorts
relic_ancientRock|Ancient Rock|Muinainen kivi|Pedra Antiga|Древняя Скала|远古之石|古の岩|고대의 바위 (Ancient Rock)|Uraltes Gestein|Pierre ancienne
relic_theHolyBible|The Holy Bible|Raamattu|A Bíblia Sagrada|Святая Библия|圣经|ホーリー・バイブル|성경 (The Holy Bible)|Die Heilige Bibel|La Sainte Bible
relic_aaronsStaff|Aaron's Staff|Aaronin sauva|Cajado de Aaron|Посох Аарона|亚伦之杖|アーロンの杖|아론의 지팡이 (Aaron's Staff)|Aarons Stab|Bâton d'Aaron
relic_ogreClub|Ogre Club|Jättiläisnuija|Porrete do Ogro|Клуб Людоедов|食人鬼俱乐部|オーガクラブ|오우거의 곤봉 (Ogre Club)|Oger-Knüppel|Gourdin de l'ogre
relic_basilisksTooth|Basilisk's Tooth|Basiliskinhammas|Dente de Basilisco|Зуб василиска|蛇怪之牙|バジリスクツース|바실리스크의 송곳니 (Basilisk's Tooth)|Basiliskenzahn|Dent de basilic
relic_twinBlade|Twin Blade|Kaksoisterä|Lâmina Dupla|Двойное Лезвие|双刃剑|ツインブレード|쌍둥이 칼날 (Twin Blade)|Doppelklinge|Lame double
relic_handScythe|Hand Scythe|Käsiviikate|Foice de Mão|Ручная Коса|手镰|ハンドサイケ|한손 낫 (Hand Scythe)|Handsense|Faucille à main
relic_templarShield|Templar Shield|Ritarikilpi|Escudo Templário|Щит Тамплиера|圣堂之盾|テンプラー・シールド|템플 기사단의 방패 (Templar Shield)|Templer-Schild|Bouclier de templier
relic_kingsCrown|King's Crown|Kuninkaan kruunu|Coroa do Rei|Королевская корона|皇冠|キングスクラウン|왕관 (King's Crown)|Königskrone|Couronne du roi
relic_damnedBuckler|Damned Buckler|Kirottu kilpi|Broquel Maldito|Проклятый Щит|诅咒圆盾|ダムド・バークラー|저주받은 둥근 방패 (Damned Buckler)|Verfluchter Buckler|Bouclier maudit
relic_dragonShield|Dragon Shield|Lohikäärmekilpi|Escudo do Dragão|Щит Дракона|龙之盾|ドラゴン・シールド|용의 방패 (Dragon Shield)|Drachenschild|Bouclier du dragon
relic_barbedShield|Barbed Shield|Piikkikilpi|Escudo Farpado|Колючий Щит|带刺之盾|バーブド・シールド|미늘 방패 (Barbed Shield)|Stachelschild|Bouclier barbelé
relic_helmOfChaos|Helm of Chaos|Kaaoskypärä|Elmo do Caos|Шлем хаоса|混沌头盔|カオスヘルム|혼돈의 투구 (Helm of Chaos)|Helm des Chaos|Casque du chaos
relic_bracerOfLife|Bracer of Life|Elämän rannekoru|Bracelete da Vida|Наруч жизни|生命护腕|ライフ・ブレーサー|생명의 팔찌 (Bracer of Life)|Armschiene des Lebens|Bracelets de vie
relic_tokenOfLuck|Token of Luck|Onnen symboli|Token da Sorte|Знак удачи|幸运令牌|幸運のトークン|행운의 징표 (Token of Luck)|Glücksbringer|Jeton de chance
relic_theAllmightyFedora|The Allmighty Fedora|Kaikkivoipa fedora|A Poderosa Fedora|Всемогущая фетровая шляпа|全能软帽|オールマイティ・フェドラ|굉장한 페도라 (The Allmighty Fedora)|Der Allmächtige Fedora|Le tout-puissant fedora
relic_guardianAngel|Guardian Angel|Suojelusenkeli|Anjo Guardião|Ангел - Хранитель|守护天使|守護天使|수호천사 (Guardian Angel)|Schutzengel|Ange gardien
relic_bookOfBelial|Book of Belial|Belialin kirja|Livro de Belial|Книга Велиала|贝利尔之书|ベリアルの本|벨리알의 서 (Book of Belial)|Buch des Belial|Livre de Bélial
relic_doubleScythe|Double Scythe|Tuplaviikate|Foice Dupla|Двойная Коса|双镰|ダブルサイケ|쌍낫 (Double Scythe)|Doppel-Sense|Double faux
relic_fireIce|Fire & Ice|Tuli & Jää|Fogo & Gelo|Огонь и Лед|火&冰|ファイアー＆アイス|불과 얼음 (Fire & Ice)|Feuer & Eis|Feu et glace
relic_LightKatana|Light Katana|Valokatana|Katana Leve|Легкая Катана|轻武士刀|ライトカターナ|광선도 (Light Katana)|Licht-Katana|Katana de lumière
relic_dirge|Dirge|Dirge|Kris|Панихида|安灵曲|葬送歌|장송곡 (Dirge)|Grabgesang|Dague sacrificielle
relic_razorWire|Razorwire|Piikkilanka|Arame Farpado|Проволока для бритвы|铁丝网|レザーワイヤー|가시 철사 (Razorwire)|Stacheldraht|Fil de rasoir
relic_rainbowGate|Rainbow Gate|Sateenkaari|Portão do Arco-íris|Радужные Врата|彩虹之门|レインボーゲート|무지개 관문 (Rainbow Gate)|Regenbogen-Tor|Porte de arc-en-ciel
relic_theGlove|The Glove|Hanska|A Luva|Перчатка|手套|手袋|장갑 (The Glove)|Der Handschuh|Le gant
relic_flySwatter|Fly Swatter|Kärpäslätkä|Mata-moscas|Мухобойка|苍蝇拍|ハエたたき|파리채 (Fly Swatter)|Fliegenklatsche|Tapette à mouches
relic_hellscreamAxe|Hellscream Axe|Hellscream kirves|Machado do Grito Infernal|Топор Адского Крика|地狱尖啸之斧|ヘルスクリーム・アックス|헬스크림의 도끼 (Hellscream Axe)|Höllenschrei-Axt|Hache de Hurlenfer
relic_frostMourne|Hungering Blade of Frost||Lâmina Faminta de Gelo|Алчущий Клинок Мороза|||서리의 굶주린 검 (Hungering Blade of Frost)||Lame de givre vorace
relic_commandersSword|Commander's Sword|Komentajan miekka|Espada do Comandante|Меч командира|指挥官之剑|コマンダーのソード|사령관의 검 (Commander's Sword)|Schwert des Kommandanten|Épée de commandant
relic_butchersKnife|Butcher's Knife|Teurastajan veitsi|Faca do Açougueiro|Нож мясника|屠夫之刀|ブッチャーのナイフ|도살자의 칼 (Butcher's Knife)|Metzgermesser|Couteau de boucher
relic_warZeppelin|War Zeppelin|Sotazeppeliini|Zepelim de Guerra|Военный Дирижабль|齐柏林飞艇|ツェッペリン飛行船|전투 비행선 (War Zeppelin)|Kriegszeppelin|Zeppelin de guerre
relic_deathsScythe|Death's Scythe|Kuoleman viikate|Foice da Morte|Коса Смерти|死亡之镰|デスサイケ|사신의 낫 (Death's Scythe)|Die Sense des Todes|Faux de la Mort
relic_angelStaffOfApocalypse|Angel Staff of Apocalypse|Tuhon enkelisauva|Cajado de Anjo do Apocalipse|Ангельский посох Апокалипсиса|天使的启示之杖|アポカリプス・天使の杖|파멸을 부르는 천사의 지팡이 (Angel Staff of Apocalypse)|Engelstab der Apokalypse|Bâton angélique de l'apocalypse 
relic_rocketBarrage|Rocket Barrage|Ohjustulitus|Barragem de Foguete|Ракетный обстрел|火箭弹幕|ロケットバラージー|로켓 탄막 (Rocket Barrage)|Raketen-Trommelfeuer|Barrage de roquettes
relic_shiv|Shiv|Puukko|Estoque|Заточка|剃刀|カミソリ|삼지창 (Shiv)|Klinge|Saï
relic_stickmanSteve|Stickman Steve|Teemu Tikku-Ukko|Stickman Steve|Крупье Стив|曲棍球手史蒂夫|スティックマンスティーブ|막대인간 스티브 (Stickman Steve)|Strichmännchen Steve|Stickman Steve
relic_bomb|Bomb|Pommi|Bomba|Бомба|炸弹|爆弾|폭탄 (Bomb)|Bombe|Bombe
relic_meatHook|Meat Hook|Lihakoukku|Gancho de Carne|Мясной Крючок|肉钩|ミートフック|고기 갈고리 (Meat Hook)|Fleischerhaken|Crochet à viande
relic_candyCrusher|Candy Crusher|Karkin murskaaja|Candy Crusher|Дробилка для конфет|糖果粉碎者|キャンディークラッシャー|사탕 박살 망치 (Candy Crusher)|Bonbonbrecher|Concasseur de bonbons
relic_cheeseBurger|Cheese Burger|Juustopurilainen|X-Burger|Сырный Бургер|奶酪汉堡|チーズバーガー|치즈버거 (Cheese Burger)|Cheese-Burger|Cheese Burger
relic_triForce|Triforce|Kolmivoima|Triforce|Трифорс|三角力量|トリフォース|트라이포스 (Triforce)|Triforce|Triforce
relic_cactus|Cactus|Kaktus|Cacto|Кактус|仙人掌|カクタス|선인장 (Cactus)|Kaktus|Cactus
relic_razerBlade|Razer Blade|Razer miekka|Lâmina Razer|Лезвие Бритвы|剃须刀片|レザー・ブレード|광선검 (Razer Blade)|Rasierklinge|Lame de rasoir
relic_assassinsShuriken|Assassin's Shuriken|Salamurhaajan heittotähti|Shuriken do Assassino|Сюрикен Убийцы|刺客的手里剑|アサシンの手裏剣|자객의 수리검 (Assassin's Shuriken)|Assasinen-Shuriken|Shuriken de l'assassin
relic_theSun|The Sun|Aurinko|O Sol|Солнце|太阳|太陽|태양 (The Sun)|Die Sonne|Le soleil
relic_razerHeadset|Razer Headset|Razer kuulokkeet|Headset Razer|Гарнитура Razer|剃刀耳机|レザー・ヘッドセット|레이저 헤드셋 (Razer Headset)|Razer Headset|Casque Razer
relic_mayosOldSock|Mayo's Old Sock|Mayon vanha sukka|Velha Meia de Mayo|Старый Носок Майо|梅奥的旧袜子|メイヨーのオールドソックス|마요의 오래된 양말 (Mayo's Old Sock)|Mayo's alte Socke|La vieille chaussette de Mayo
relic_tequila|Tequila!!!|Tequila!!!|Tequila!!!|Текила!!!|龙舌兰！！！|テキーラ！！！|데킬라!!! (Tequila!!!)|Tequila!!!|Tequila !!!
relic_theMightySushi|The Mighty Sushi|Mahtava sushi|O Poderoso Sushi|Могучие Суши|力量寿司|マイティーすし|힘센 초밥 (The Mighty Sushi)|Das mächtige Sushi|Le puissant sushi
relic_karpHead|Karp Head|Karpin pää|Cabeça de Carpa|Голова Карпа|卡普头|カープヘッド|잉어 대가리 (Karp Head)|Karpfenkopf|Tête de Carpe
relic_lantern|Lantern|Lyhty|Lanterna|Фонарь|灯笼|ランタン|초롱 (Lantern)|Laterne|Lanterne
relic_razorLeaf|Razor Leaf|Terälehti|Folha de Barbear|Острый Лист|飞叶快刀|レザー・リーフ|잎날 가르기 (Razor Leaf)|Rasierblatt|Feuille rasoir
relic_ninjaHook|Ninja Hook|Ninjakoukku|Gancho de Ninja|Крюк Ниндзя|忍者抓钩|忍者フック|닌자 갈고리 (Ninja Hook)|Ninja-Haken|Crochet Ninja
relic_riceChopsticks|Rice & Chopsticks|Syömäpuikot ja riisi|Arroz & Pauzinhos|Рис и Палочки для Еды|米饭&筷子|米＆箸|밥과 젓가락 (Rice & Chopsticks)|Reis & Essstäbchen|Riz et baguettes
relic_minisect|Minisect|Minisect|Mininseto|Минисект|小赛克特|ミニセクト|미니섹트 (Minisect)|Minisekt|Minisect
relic_shadeOfDeath|Shade of Death|Kuoleman viuhka|Sombra da Morte|Тень смерти|死亡阴影|デスシェード|죽음의 장막 (Shade of Death)|Fächer des Todes|Ombre de la Mort
relic_dislocatedEye|Dislocated Eye|Irronnut silmä|Olho Deslocado|Вывихнутый Глаз|脱位之眼|脱臼させる目|빠져버린 눈 (Dislocated Eye)|Zerquetschtes Auge|Oeil disloqué
relic_halfEatenMochi|Half Eaten Mochi|Puoliksi syöty Mochi|Mochi pela Metade|Наполовину съеденный Моти|吃了一半的糯米团|食べかけたお餅|반쯤 먹은 찹쌀떡 (Half Eaten Mochi)|Halb gegessener Mochi|Mochi à moitié mangé
relic_bonsaiTree|Bonsai Tree|Bonsai puu|Árvore Bonsai|Дерево Бонсай|盆栽|盆栽の木|분재 (Bonsai Tree)|Bonsaibaum|Bonsaï
relic_daPlayersDislocatedHead|DaPlayer's Dislocated Head|DaPlayerin irronnut pää|Cabeça Deslocada de DaPlayer|Вывихнутая Голова Даплеера|达普雷尔的脱位头颅|ダプレイヤーの脱臼させる頭|플레이어의 머리 (DaPlayer's Dislocated Head)|DaPlayer's verrenkter Kopf|Tête disloquée de DaPlayer
relic_witchClaw|Witch Claw|Noidan kynsi|Garra da Bruxa|Коготь Ведьмы|女巫之爪|魔女のクロー|마녀의 손 (Witch Claw)|Hexenkralle|Griffe de sorcière
relic_shatteredKatana|Shattered Katana|Hajonnut katana|Katana Estilhaçada|Разбитая Катана|破碎的武士刀|砕けたカタナ|부서진 카타나 (Shattered Katana)|Zertrümmertes Katana|Katana brisé
relic_orbOfFire|Orb of Fire|Tulipallo|Orbe de Fogo|Огненный шар|火之法球|オーブ・オブ・ファイア|화염의 구슬 (Orb of Fire)|Feuerkugel|Orbe de feu
relic_orbOfIce|Orb of Ice|Jääpallo|Orbe de Gelo|Ледяной шар|冰之法球|オーブ・オブ・アイス|얼음의 구슬 (Orb of Ice)|Eiskugel|Orbe de glace
relic_orbOfPoison|Orb of Poison|Myrkkypallo|Orbe de Veneno|Сфера яда|毒之法球|オーブ・オブ・ポイズン|맹독의 구슬 (Orb of Poison)|Giftkugel|Orbe de poison
relic_orbOfChaos|Orb of Chaos|Kaaospallo|Orbe do Caos|Сфера хаоса|混沌法球|オーブ・オブ・カオス|혼돈의 구슬 (Orb of Chaos)|Kugel des Chaos|Orbe de chaos
relic_largeBeer|Large Beer|Iso olut|Cerveja Grande|Большое Пиво|巨鹿|大型のビヤ|큼지막한 맥주 (Large Beer)|Großes Bier|Grande bière
relic_bouncy|Bouncy|Pomppija|Saltitante|Упругий|弹性|よく弾む|바운시 (Bouncy)|Flummi|Balle rebondissante
relic_magnet|Magnet|Magneetti|Ímã|Магнит|磁铁|磁石|자석 (Magnet)|Magnet|Aimant
relic_balalayka|Balalayka|Balalaika|Balalayka|Балалайка|三弦琴|バラライカ|발랄라이카 (Balalayka)|Balalayka|Balalayka
relic_darts|Darts|Tikat|Dardos|Дротики|飞镖|ダーツ|다트 (Darts)|Dartpfeile|Fléchettes
relic_smallSpikey|Small Spikey|Pikkupiikki|Pequeno Spikey|Маленький Колючий|小钉子|小さなスパイキー|작은 가시공 (Small Spikey)|Kleiner Stachel|Petite boule à piques
relic_satansHorn|Satan's Horn|Saatanan sarvi|Chifre de Satanás|Рог сатаны|撒旦之角|サタンの角|사탄의 뿔 (Satan's Horn)|Teufelshorn|Corne de Satan
relic_necromancersFinger|Necromancer's Finger|Manaajan sormi|Dedo do Necromante|Палец Некроманта|亡灵巫师的手指|ネクロマンサーの指|강령술사의 손가락 (Necromancer's Finger)|Finger des Nekromanten|Doigt de nécromancien
relic_jarOfFlies|Jar of Flies|Kärpäspurkki|Jarra de Moscas|Банка с мухами|一罐苍蝇|一缶分のハエ|파리가 든 병 (Jar of Flies)|Glas voller Fliegen|Bocal plein de mouches
relic_satansTooth|Satan's Tooth|Saatanan hammas|Dente de Satanás|Зуб сатаны|撒旦之牙|サタンのツース|사탄의 이빨 (Satan's Tooth)|Satans Zahn|Dent de Satan
relic_butterflyKnife|Butterfly Knife|Perhosveitsi|Canivete Borboleta|Нож - бабочка|蝴蝶刀|バタフライナイフ|발리송 (Butterfly Knife)|Klappmesser|Couteau papillon
relic_lightningBall|Lightning Ball|Sähköpallo|Bola de Relâmpago|Шар - Молния|闪电球|ライトニングボール|번개 공 (Lightning Ball)|Blitz-Kugel|Boule de foudre
relic_steamSale|Steam Sale|Steam alennus|Promoção da Steam|Продажа Steam|Steam促销|Steamセール|스팀 세일 (Steam Sale)|Steam-Sale|Promo Steam
relic_esEnergy|ES Energy|ES Energia|ES Energia|Энергия ЭС|ES能量|ESエネルギー|ES 에너지 (ES Energy)|ES Energie|ES Energy
relic_boomerang|Boomerang|Bumerangi|Bumerangue|Бумеранг|回旋镖|ブーメラン|부메랑 (Boomerang)|Bumerang|Boomerang
relic_squishyTheSuicidalPig|Squishy the Suicidal Pig|Itsetuhoinen possu Squishy|Squishy o Porco Suicida|Хлюпик - Свинья - Самоубийца|自杀小猪史乖宝|自殺子豚スクイジー|자살 돼지 스퀴시 (Squishy the Suicidal Pig)|Squishy, das Suizidgefährdete Schwein|Squishy le cochon suicidaire
relic_satansEye|Satan's Eye|Saatanan silmä|Olho de Satanás|Глаз сатаны|撒旦之眼|サタンの目|사탄의 눈 (Satan's Eye)|Satans Auge|Oeil de Satan
relic_mindBender|Homing Shots|Hakeutuvat ohjukset|Tiros Rastreadores|Самонаводящиеся Выстрелы|追踪子弹|ホーミングショット|유도탄 (Homing Shots)|Zielsuchende Schüsse|Tirs dirigés
relic_lightCola|Light Cola|Kevytkola|Cola Leve|Легкая Кола|淡可乐|ライトコーラ|라이트 콜라 (Light Cola)|Cola Light|Cola light
relic_theHolyGrail|The Holy Grail|Graalin malja|O Santo Graal|Святой Грааль|圣杯|ホーリー・グレイル|성배 (The Holy Grail)|Der Heilige Gral|Le Saint Graal
relic_monkeyKingBar|Monkey King Bar|Apinakuninkaan sauva|Bastão do Rei Macaco|"Бар ""Король обезьян"""|猴王酒吧|モンキーキングバー|여의봉 (Monkey King Bar)|Stab des Affenkönigs|Bô de Sun Wukong
relic_hornedMask|Horned Mask|Sarvinaamio|Máscara de Chifre|Рогатая Маска|带角面具|角のあるマスク|뿔 가면 (Horned Mask)|Gehörnte Maske|Masque à cornes
relic_honeyBee|Honey Bee|Mehiläinen|Abelha|Медоносная Пчела|蜜蜂|ミツバチ|꿀벌 (Honey Bee)|Honigbiene|Abeille
relic_1000kg|1000 KG|1000 KG|1000 KG|1000 КГ|1000 KG|1000 KG|1000 KG (1000 KG)|1000 KG|1000 KG
relic_pickledBrain|Pickled Brain|Säilötyt aivot|Cérebro em Conserva|Маринованные Мозги|腌脑子|塩つけの脳みそ|뇌 절임 (Pickled Brain)|Eingelegtes Gehirn|Cerveau mariné
relic_keyGen|Keygen.exe|Keygen.exe|Keygen.exe|Keygen.exe|Keygen.exe|Keygen.exe|Keygen.exe (Keygen.exe)|Keygen.exe|Keygen.exe
relic_dragonsHead|Dragon's Head|Lohikäärmeen pää|Cabeça de Dragão|Голова Дракона|龙首|ドラゴンの頭|용의 머리 (Dragon's Head)|Drachenkopf|Tête de dragon
relic_winnersDrug|Winner's Drug|Voittajan huume|Drogas do Vencedor|Препарат победителя|胜者药剂|勝者の薬剤|승자의 약물 (Winner's Drug)|Siegerdroge|Drogue du vainqueur
relic_casinoDice|Casino Die|Kasinonopat|Morte no Cassino|Casino Die|赌场骰子|カジノダイス|카지노용 주사위 (Casino Die)|Casino Würfel|Dé truqué
relic_lotteryTicket|Lottery Ticket|Lottokuponki|Bilhete de Loteria|Лотерейный билет|彩票|宝くじのチケット|복권 (Lottery Ticket)|Lotterieschein|Billet de loterie
relic_vadjra|Vadjra|Vadjra|Vadjra|Ваджра|金刚|ヴァジュラ|바디라 (Vadjra)|Vadjra|Vajra
relic_maryosPipe|Maryo's Pipe|Maryon putki|Cano de Maryo's|Трубка Марио|马瑞奥的管子|マリオのパイプ|마리요의 배관 (Maryo's Pipe)|Maryo's Rohr|Tuyau de Maryo
relic_rottenApple|Rotten Apple|Mätä omena|Maçã ´Podre|Гнилое Яблоко|腐烂苹果|腐ったリンゴ|썩은 사과 (Rotten Apple)|Fauler Apfel|Pomme pourrie
relic_handOfMidas|Hand of Midas|Midaan käsi|Mão de Midas|Рука Мидаса|美狄亚之手|ハンド・オブ・ミダス|미다스의 손 (Hand of Midas)|Hand des Midas|Main de Midas
relic_oversized|Oversized|Ylisuurennus|Imenso|Негабаритный|超大|オーバーサイズ|거대화 (Oversized)|Überdimensioniert|Surdimensionné
relic_fortuneCard|Fortune Card|Onnen kortti|Cartão da Fortuna|Карта Удачи|幸运卡|フォーチュンカード|행운의 카드 (Fortune Card)|Schicksalskarte|Carte à gratter
relic_deliciousPie|Delicious Pie|Herkkupiiras|Torta Deliciosa|Вкусный Пирог|美味的派|美味しいパイ|맛있는 파이 (Delicious Pie)|Köstliche Torte|Tarte délicieuse
relic_amazonsSpears|Amazon's Spears|Amatsonin keihäät|Lanças da Amazona|Копья Амазонки|亚马逊矛|アマゾンのスピア|아마존의 창 (Amazon's Spears)|Amazonenspeer|Lances de l'amazone
relic_jungleVial|Jungle Vial|Viidakkopullo|Frasco da Selva|Флакон из Джунглей|丛林药水|ジャングルバイアル|정글 시약 (Jungle Vial)|Dschungel-Fläschchen|Fiole de la jungle
relic_manaDice|Mana Dice|Taikanopat|Dado de Mana|Кубики Маны|能量骰子|マナ・ダイス|마나 주사위 (Mana Dice)|Mana Würfel|Dés de mana
relic_wizardsHat|A Wizard's Hat|Velhon hattu|O Chapéu de um Feiticeiro|Шляпа Волшебника|巫师帽|ウィザードの帽子|마법사의 모자 (A Wizard's Hat)|Ein Zaubererhut|Chapeau de sorcier
relic_zombiesFace|Zombie's Face|Zombien naama|Cara de Zumbi|Лицо зомби|僵尸脸|ゾンビの顔|좀비 얼굴 (Zombie's Face)|Zombiegesicht|Visage de zombie
relic_metalDetector|Metal Detector|Metallinpaljastin|Detector de Metal|Металлоискатель|金属探测器|金属探知機|금속 탐지기 (Metal Detector)|Metalldetektor|Détecteur de métaux
relic_lootARang|Loot-A-Rang|Loot-A-Rang|Loot-A-Rangue|Награбленное|Loot-A-Rang|Loot-A-Rang||Loot-A-Rang|Butinrang
relic_propHuntKit|Prop Hunt Kit|Prop Hunt Kit|Prop Hunt Kit|Набор для охоты за Реквизитом|Prop Hunt Kit|Prop Hunt Kit|Prop Hunt Kit (Prop Hunt Kit)|Prop Hunt Kit|Accessoire de chasseur pro
relic_doggo|Doggo|Doggo|Doggo|Догго|Doggo|Doggo||Doggo|Doggo
relic_stevesDirtyHead|Steve's Dirty Head|Steve's Dirty Head|Cabeça Suja de Steve|Грязная голова Стива|Steve's Dirty Head|Steve's Dirty Head||Steve's Dreckiger Kopf|Tête sale de Steve
relic_lostWand|Lost Wand|Lost Wand|Varinha Perdida|Потерянная Палочка|Lost Wand|Lost Wand|잃어버린 지팡이 (Lost Wand)|Verlorener Zauberstab|Baguette perdue
relic_wizardsMindBomb|Wizard's Mind Bomb|Wizard's Mind Bomb|Bomba Mental do Mago|Ментальная бомба Волшебника|Wizard's Mind Bomb|Wizard's Mind Bomb|마법사의 정신 폭탄 (Wizard's Mind Bomb)|Zauberers Gedächtnisbombe|Bombe spirituelle du sorcier
relic_newtTail|Newt Tail|Newt Tail|Rabo de Newt|Хвост Тритона|Newt Tail|Newt Tail|뉴트 꼬리 (Newt Tail)|Molchschwanz|Queue de triton
relic_candyBasket|Candy Basket|Karkkikori|Cesta de Doces|Корзина для Конфет|糖果篮|キャンディバスケット|사탕 바구니 (Candy Basket)|Süßigkeitenkorb|Panier de bonbons
relic_snowball|Snowball|Lumipallo|Bola de Neve|Снежный Ком|雪球|スノーボール|눈덩이 (Snowball)|Schneeball|Boule de neige
relic_thiefsGlove|Thief's Glove|Varkaan käsine|Luva do Ladrão|Воровская перчатка|神偷手套|泥棒の手袋|도둑의 장갑 (Thief's Glove)|Diebeshandschuh|Gant de voleur
relic_shocker3000|Shocker-3000|Sähkötin-3000|Shocker-3000|Шокер-3000|冲击枪-3000|ショッカー-3000|쇼커 -3000 (Shocker-3000)|Schocker-3000|Choc-3000
relic_flail|Flail|Varsta|Mangual|Цеп|连枷|フレイル|플레일 (Flail)|Morgenstern|Fléau
relic_soulBox|Soul Box|Sielulaatikko|Caixa de Almas|Шкатулка для Души|灵魂箱|ソウルボックス|소울 박스 (Soul Box)|Seelenbox|Boîte d'âme
relic_chickenMask|Chicken Mask|Kananaamari|Máscara de Galinha|Куриная Маска|小鸡面具|チキンマスク|치킨 마스크 (Chicken Mask)|Hühnchen-Maske|Masque de poulet
relic_cursedBook|Cursed Book|Kirottu kirja|Livro Amaldiçoado|Проклятая Книга|受诅咒的书|呪われた本|저주받은 책 (Cursed Book)|Verfluchtes Buch|Livre maudit
relic_headExtractor|Head Extractor|Päänkeräin|Extrator de Cabeças|Головной Экстрактор|斩首器|ヘッドエクストラクター|헤드 추출기 (Head Extractor)|Kopf-Auszieher|Extracteur de tête
relic_bombBoat|Bomb|Pommi|Bomba|Бомба|炸弹|ボム|폭탄 (Bomb)|Bombe|Bombe
relic_fishNet|Fish Net|Kalaverkko|Rede de Pesca|Рыболовная Сеть|鱼网|フィッシュネット|피시 넷 (Fish Net)|Fischnetz|Filet de pêche
relic_bookOfCommand|Book of Command|Komennusten kirja|Livro do Comando|Книга повелений|指挥书|支配の書|커맨드 북 (Book of Command)|Buch der Beherrschung|Livre du commandement
relic_sucker5000|Sucker-5000|Imuri-5000|Aspirador-5000|Присоска-5000|吸力枪-5000|サッカー-5000|써커 5000 (Sucker-5000)|Sauger-5000|Aspi-5000
relic_sucker5000b|Sucker-5000-B|Imuri-5000-B|Aspirador-5000-B|Присоска-5000-B|吸力枪-5000-B|サッカー-5000-B|써커 5000-B (Sucker-5000-B)|Sauger-5000-B|Aspi-5000-B
relic_pulser|Gamma Pulser||Pulsador Gama||||감마 펄서 (Gamma Pulser)||
|||||||||
desc_relic_devilHorn|Power of the most unclean, in your pocket.||O poder do mais impuro, em seu bolso.|Сила самого нечистого у тебя в кармане.|||가장 더러운 힘, 당신의 주머니에 있습니다. (Power of the most unclean, in your pocket.)||Le pouvoir des plus immondes, dans votre poche.
desc_relic_demonSheep|Beware, the sheep with red eyes.||Cuidado com a ovelha de olhos vermelhos.|Остерегайтесь овец с красными глазами.|||||Méfiez-vous des moutons aux yeux rouges.
desc_relic_doomFlute|Play the tunes of doom.||Toque as músicas da desgraça.|Играйте мелодии рока.|||파멸의 곡을 연주하세요. (Play the tunes of doom.)||Jouez des mélodies funestes.
desc_relic_frozenOrb|Nobody knows what kind of magic is frozen within it.||Ninguém sabe que tipo de magia está congelada dentro dele.|Никто не знает, какая магия заключена в нем.|||||Personne ne sait quel genre de magie y est figé.
desc_relic_nunchucks|Remember to practice first.||Lembre-se de praticar antes|Не забудьте сначала потренироваться.|||먼저 연습하는 것을 잊지 마세요. (Remember to practice first.)||N'oubliez pas de vous entraîner d'abord.
desc_relic_rubberDuck|Quack.||Quack.|Шарлатан.|||||Coin-coin.
desc_relic_skullAxe|Finest steel with the sharpest cut. Cuts to bone like butter.||O aço mais fino com o corte mais afiado. Corta o osso como se fosse manteiga.|Тончайшая сталь с максимально острым срезом. Режет до кости, как масло.|||뼈까지 잘라내는 최고의 강철. 버터처럼 부드럽게 잘립니다. (Finest steel with the sharpest cut. Cuts to bone like butter.)||L'acier le plus fin avec la coupe la plus tranchante. Il coupe de l'os comme du beurre.
desc_relic_theSpoon|You’ll see it is not the spoon that bends. It is only ourself.||Você verá que não é a colher que se dobra. É apenas nós mesmos.|Вы увидите, что гнется не ложка. Это всего лишь мы сами.|||||Vous verrez que ce n'est pas la cuillère qui plie. C'est seulement nous-mêmes.
desc_relic_stormDagger|Unleash the storm.||Liberte a tempestade.|Дай волю буре.|||폭풍을 해방하라. (Unleash the storm.)||Libérez la tempête.
desc_relic_odinsSword|Who dares to try and wield it?||Quem se atreve a tentar empunhá-la?|Кто осмелится попытаться завладеть им?|||누가 감히 이것을 휘두르려 하는가? (Who dares to try and wield it?)||Qui ose vouloir la manier ?
desc_relic_theAmputationKit|Who needs legs anyway.||Quem precisa de pernas, afinal?|Кому вообще нужны ноги.|||||Qui a besoin de jambes de toute façon ?
desc_relic_skullBat|Hmh. Salty.||Hmh. Salgado.|Хм... Солоноватый.|||||Hmh. Salé.
desc_relic_shredder|Could it cut Chaos Tower legs?||Ela poderia cortar as pernas da Torre do Caos?|Может ли это перерезать опоры Башни Хаоса?|||||Pourrait-il couper les jambes de la Tour du chaos ?
desc_relic_stigmata|Vampires? What a joke.||Vampiros? Que piada.|Вампиры? Что за шутка.|||뱀파이어? 웃기지 마. (Vampires? What a joke.)||Des vampires ? Quelle blague !
desc_relic_magicMushroom|Expand your mind, let your ego die.||Expanda sua mente, deixe seu ego morrer.|Расширьте свой разум, позвольте своему эго умереть.|||마음을 넓히고 자아를 내려놓아라. (Expand your mind, let your ego die.)||Développez votre esprit, laissez mourir votre ego.
desc_relic_jefresSubscription|Like & Subscribe||Curta e se Inscreve|Ставьте лайк и подписывайтесь|||좋아요 & 구독 (Like & Subscribe)||Cloche et pouce bleu
desc_relic_rockBelt|Does not contain Heavy Metals.||Não contém metais pesados.|Не содержит тяжелых металлов.|||중금속이 포함되어 있지 않습니다. (Does not contain Heavy Metals.)||Ne contient pas de Heavy Metal.
desc_relic_sausage|Let’s have a barbeque in hell.||Vamos fazer um churrasco no inferno.|Давай устроим барбекю в аду.|||||Un barbecue en enfer.
desc_relic_spiritSkull|An Ancient skull with a spirit inside.||Um crânio antigo com um espírito dentro.|Древний череп с духом внутри.|||영혼이 깃든 고대 해골. (An Ancient skull with a spirit inside.)||Un crâne ancien, son esprit est encore à l'intérieur.
desc_relic_apple|An apple a day, keeps the evil away.||Uma maçã por dia mantém o mal longe.|Одно яблоко в день отгоняет зло.|||하루에 사과 하나면, 악을 물리친다. (An apple a day, keeps the evil away.)||Manger une pomme avant d'aller au lit empêche le médecin de gagner son pain.
desc_relic_fetus|Unborn and forgotten.||Não nascido e esquecido.|Нерожденный и забытый.|||태어나지 않았고 잊혀졌다. (Unborn and forgotten.)||Mort-né et abandonné.
desc_relic_theEye|Don’t force the eye.||Não force o olhar.|Не напрягайте зрение.|||||Ne forcez pas l'œil.
desc_relic_devilSkull|Artifact of evil and rage.||Artefato do mal e da raiva.|Артефакт зла и ярости.|||악과 분노의 유물 (Artifact of evil and rage.)||Artefact empli de haine et de colère.
desc_relic_whip|Back to grave, undead.||De volta ao túmulo, morto-vivo.|Возвращайся в могилу, нежить.|||무덤으로 돌아가라, 언데드. (Back to grave, undead.)||Retourne dans la tombe, mort-vivant.
desc_relic_cake|It is so delicios it kills me.||É tão delicioso que me mata.|Это настолько восхитительно, что убивает меня.|||이렇게 맛있어서 죽을 것 같아. (It is so delicios it kills me.)||Ça me tue tellement c'est bon.
desc_relic_cookiesMilk|You stole Santas snack.||Você roubou o lanche do Papai Noel.|Ты украл закуску Деда Мороза.|||||Tu as volé le goûter du Père Noël.
desc_relic_blazingBoots|Run so fast you leave a trail of flames.||Corra tão rápido que deixa um rastro de chamas.|Беги так быстро, что оставляешь за собой огненный след.|||||Cours si vite que tu laisses une traînée de flammes.
desc_relic_charmedBlood|Vampires? Not a joke.||Vampiros? Não é uma piada.|Вампиры? Это не шутка.|||뱀파이어? 농담이 아니야. (Vampires? Not a joke.)||Des vampires ? Ce n'est pas une blague.
desc_relic_shrunkenHead|This once belonged to Papa Legba.||Isso já pertenceu a Papa Legba.|Когда-то он принадлежал папе Легбе.|||이것은 한때 파파 레그바의 것이었다. (This once belonged to Papa Legba.)||Ceci a appartenu à Papa Legba.
desc_relic_oddBookOfSpells|Warning: These spells are untested.||Advertência: Esses feitiços não foram testados.|Предупреждение: Эти заклинания не проверены.|||경고: 이 주문들은 테스트되지 않았습니다. (Warning: These spells are untested.)||Avertissement : Ces sorts n'ont pas été testés.
desc_relic_ancientRock|Needs googly eyes.||Precisa de olhos esbugalhados.|Нужен гуглистый взгляд.|||구글리 눈이 필요해요. (Needs googly eyes.)||Nécessite des yeux globuleux.
desc_relic_theHolyBible|In the name of the spirit.||Em nome do espírito.|Во имя святого духа.|||||Au nom de l'esprit.
desc_relic_aaronsStaff|Staff of Aaron with healing power.||Cajado de Aaron com poder de cura.|Посох Аарона, обладающий исцеляющей силой.|||치유의 힘을 지닌 아론의 지팡이. (Staff of Aaron with healing power.)||Bâton d'Aaron empli du pouvoir de guérison.
desc_relic_ogreClub|The ogre was one ugly fellow.||O ogro era um sujeito feio.|Людоед был на редкость уродливым парнем.|||그 오우거는 정말 못생긴 놈이었어. (The ogre was one ugly fellow.)||L'ogre était un vilain personnage.
desc_relic_basilisksTooth|Be careful, it might still contain poison.||Tenha cuidado, pois ele ainda pode conter veneno.|Будь осторожен, в нем все еще может содержаться яд.|||||Attention, il peut encore contenir du poison.
desc_relic_twinBlade|Sharp blade for Critical Strikes.||Lâmina afiada para golpes críticos.|Острое лезвие для нанесения критических ударов.|||치명타 공격을 위한 날카로운 칼날. (Sharp blade for Critical Strikes.)||Lame tranchante pour les coups critiques.
desc_relic_handScythe|Excellent tool for slaughtering.||Excelente ferramenta para abates.|Отличный инструмент для забоя скота.|||학살에 탁월한 도구. (Excellent tool for slaughtering.)||Excellent outil pour le massacre.
desc_relic_templarShield|Knights protector.||Protetor de cavaleiros.|Рыцари-защитники.|||기사 보호자 (Knights protector.)||Protecteur des chevaliers.
desc_relic_kingsCrown|Gurag won’t need this.||Gurag não precisará disso.|Гурагу это не понадобится.|||Gurag는 이걸 필요로 하지 않을 거야. (Gurag won’t need this.)||Gurag n'en aura pas besoin.
desc_relic_damnedBuckler|It holds a curse within.||Ele contém uma maldição em seu interior.|Оно таит в себе проклятие.|||그 안에 저주가 담겨 있다. (It holds a curse within.)||Il contient une malédiction.
desc_relic_dragonShield|Carefully crafted from the scales of a dragon.||Cuidadosamente criado com as escamas de um dragão.|Тщательно изготовленная из чешуи дракона.|||용의 비늘로 정교하게 만들어졌습니다. (Carefully crafted from the scales of a dragon.)||Fabriqué avec soin à partir des écailles d'un dragon.
desc_relic_barbedShield|Thorns: Easiest way to revenge.||Espinhos: A maneira mais fácil de se vingar.|Шипы: Самый простой способ отомстить.|||||Des épines : Le moyen le plus facile de se venger.
desc_relic_helmOfChaos|Some say you find more Chaos Towers with this.||Alguns dizem que você encontra mais Torres do Caos com isso.|Некоторые говорят, что с этим можно найти еще больше Башен Хаоса.|||이걸로 혼돈의 탑을 더 많이 찾는다고들 해. (Some say you find more Chaos Towers with this.)||Certains disent qu'on trouve plus de Tours du chaos avec ça.
desc_relic_bracerOfLife|Embrace the life, as it is most valuable thing you will ever have.||Abrace a vida, pois ela é a coisa mais valiosa que você terá.|Примите жизнь, потому что это самое ценное, что у вас когда-либо будет.|||삶을 소중히 여겨라, 그것은 당신이 가질 수 있는 가장 귀중한 것이다. (Embrace the life, as it is most valuable thing you will ever have.)||Embrassez la vie, c'est la chose la plus précieuse que vous ayez jamais eue.
desc_relic_tokenOfLuck|Feeling lucky?||Está se sentindo com sorte?|Чувствуешь себя счастливым?|||||Vous vous sentez chanceux ?
desc_relic_theAllmightyFedora|The Ultimate knowledge of first 169 digits of Pi.||O conhecimento definitivo dos primeiros 169 dígitos de Pi.|Абсолютное знание первых 169 цифр числа Пи.|||원주율의 첫 169자리 궁극의 지식 (The Ultimate knowledge of first 169 digits of Pi.)||La connaissance ultime des 169 premiers chiffres de Pi.
desc_relic_guardianAngel|Eternal protector.||Protetor eterno.|Вечный защитник.|||영원한 수호자. (Eternal protector.)||Un protecteur éternel.
desc_relic_bookOfBelial|It’s funny if you think that he sits down and writes books.||É engraçado se você pensar que ele se senta e escreve livros.|Забавно, если вы думаете, что он садится и пишет книги.|||그가 앉아서 책을 쓴다고 생각하면 재미있어. (It’s funny if you think that he sits down and writes books.)||C'est drôle si vous pensez qu'il s'assoit et écrit des livres.
desc_relic_doubleScythe|Double the blade, double the blood.||O dobro da lâmina, o dobro do sangue.|Удвойте лезвие, удвоьте количество крови.|||칼날이 두 배면, 피도 두 배다. (Double the blade, double the blood.)||Deux fois plus de lames, pour deux fois plus de sang.
desc_relic_fireIce|As opposites meet, potential is unmatched.||Quando os opostos se encontram, o potencial é inigualável.|Когда противоположности встречаются, потенциал не имеет себе равных.|||반대가 만날 때, 잠재력은 무한하다. (As opposites meet, potential is unmatched.)||Lorsque les opposés se rencontrent, le potentiel est inégalé.
desc_relic_LightKatana|Search your feelings, you know it to be awesome.||Procure seus sentimentos, você sabe que é incrível.|Исследуйте свои чувства, вы знаете, что это потрясающе.|||당신의 감정을 탐색해보세요, 멋지다는 걸 알고 있잖아요. (Search your feelings, you know it to be awesome.)||Cherchez dans vos émotions, vous savez que c'est génial.
desc_relic_dirge|Sharp and agile weapon made to hurt.||Arma afiada e ágil feita para machucar.|Острое и проворное оружие, созданное для того, чтобы причинять боль.|||날카롭고 민첩한 무기로 상처를 입힙니다. (Sharp and agile weapon made to hurt.)||Arme tranchante et agile faite pour blesser.
desc_relic_razorWire|Causes severe bleeding.||Causa sangramento grave.|Вызывает сильное кровотечение.|||심각한 출혈을 일으킵니다. (Causes severe bleeding.)||Provoque de graves hémorragies.
desc_relic_rainbowGate|Is this a piece of Bifröst?||Isto é um pedaço de Bifröst?|Это что, кусочек Бифреста?|||||Est-ce un morceau de Bifröst ?
desc_relic_theGlove|What was yours is mine now.||O que era seu é meu agora.|То, что было твоим, теперь мое.|||||Ce qui était à toi est à moi maintenant.
desc_relic_flySwatter|Ew, bugs.||Eca, insetos.|Фу, жуки.|||||Beurk, des insectes.
desc_relic_hellscreamAxe|Unlimited rage.||Raiva ilimitada.|Безграничная ярость.|||||Une rage sans limite.
desc_relic_frostMourne|The handle is frozen and so is your fingers.||A alça está congelada, assim como seus dedos.|Ручка замерзла, как и ваши пальцы.|||||La poignée est gelée et maintenant tes doigts aussi.
desc_relic_commandersSword|With this sword I command and lead.||Com esta espada eu comando e lidero.|Этим мечом я командую и веду за собой.|||||Avec cette épée, je commande et je dirige.
desc_relic_butchersKnife|Mmmh fresh meat.||Mmmh carne fresca.|Ммм, свежее мясо.|||신선한 고기다. (Mmmh fresh meat.)||Mmmh de la viande fraîche.
desc_relic_warZeppelin|Air Support!||Suporte aéreo!|Поддержка с воздуха!|||공중 지원! (Air Support!)||Soutien aérien !
desc_relic_deathsScythe|Grim Reaper kindly asked if you could return this.||O Ceifador gentilmente perguntou se você poderia devolver isso.|Мрачный Жнец любезно попросил вас вернуть это.|||사신이 이것을 돌려줄 수 있는지 친절하게 물었습니다. (Grim Reaper kindly asked if you could return this.)||La Faucheuse sinistre a gentiment demandé si vous pouviez rendre ceci.
desc_relic_angelStaffOfApocalypse|Feel the heavens wrath!||Sinta a ira dos céus!|Почувствуй гнев небес!|||천상의 분노를 느껴라! (Feel the heavens wrath!)||Sentez la colère des cieux !
desc_relic_rocketBarrage|Mark the spot and let the hell rain.||Marque o local e deixe o inferno chover.|Отметьте это место и пусть льет как из ведра.|||지점을 표시하고 지옥의 비를 내려라. (Mark the spot and let the hell rain.)||Indiquez l'endroit et faites pleuvoir l'enfer.
desc_relic_shiv|Excellent throwing weapon with sharp blades.||Excelente arma de arremesso com lâminas afiadas.|Отличное метательное оружие с острыми лезвиями.|||날카로운 칼날이 달린 훌륭한 투척 무기. (Excellent throwing weapon with sharp blades.)||Excellente arme de jet avec des lames tranchantes.
desc_relic_stickmanSteve|Hihihi my balls are itchy.||Hihihi minhas bolas estão com coçando.|Хихихи, у меня яйца чешутся.|||||J'ai mes bonbons qui font des bons.
desc_relic_bomb|It’s Bomb. Not Bo-Omb.||É bomba. Não Bo-Omba.|Это бомба. Не Бомба.|||이건 폭탄이야. 보-옴이 아니야. (It’s Bomb. Not Bo-Omb.)||C'est Bomb. Pas Bob-Omb.
desc_relic_meatHook|Let’s get the meat hanging up there.||Vamos deixar a carne pendurada lá em cima.|Давайте повесим мясо вон там.|||||Il faut que la viande soit bien accrochée là-haut.
desc_relic_candyCrusher|It almost feels like a saga.||Quase parece uma saga.|Это почти похоже на сагу.|||||On dirait presque une saga.
desc_relic_cheeseBurger|Ah, the sweet taste of freedom.||Ah, o doce sabor da liberdade.|Ах, сладкий вкус свободы.|||아, 자유의 달콤한 맛. (Ah, the sweet taste of freedom.)||Ah, le doux goût de la liberté.
desc_relic_triForce|Three forces forged together.||Três forças forjadas juntas.|Три силы объединились.|||세 개의 힘이 하나로 합쳐졌다. (Three forces forged together.)||Trois forces forgées ensemble.
desc_relic_cactus|Ouch, spiky.||Ai, espinhoso.|Ай, колючий.|||||Aïe, épineux.
desc_relic_razerBlade|Now this is really sharp, could cut beard with it.||Isso é realmente afiado, poderia cortar a barba com ele.|Вот это действительно остро, им можно подстричь бороду.|||이건 정말 날카로워서 수염도 깎을 수 있겠어. (Now this is really sharp, could cut beard with it.)||Ça, c'est vraiment tranchant, on pourrait tailler de la barbe avec.
desc_relic_assassinsShuriken|Like a true ninja.||Como um verdadeiro ninja.|Как настоящий ниндзя.|||||Comme un vrai ninja.
desc_relic_theSun|Don’t look straight at it.||Não olhe diretamente para ele.|Не смотрите на это прямо.|||||Ne le regardez pas en face.
desc_relic_razerHeadset|I’m all about that base.||Sou totalmente a favor dessa base.|Я всецело за эту базу.|||||J'adore ce morceau!
desc_relic_mayosOldSock|Use a gasmask if you choose to carry this around.||Use uma máscara de gás se você optar por carregá-la.|Используйте противогаз, если решите носить его с собой.|||이걸 가지고 다니려면 방독면을 사용하세요. (Use a gasmask if you choose to carry this around.)||Utilisez un masque à gaz si vous décidez de la porter.
desc_relic_tequila|A drop doesn’t kill you, and you can’t drown in a bucket.||Uma gota não o mata, e você não pode se afogar em um balde.|Капля не убьет тебя, и ты не можешь утонуть в ведре.|||낙하로는 죽지 않으며, 양동이 속에서는 익사하지 않습니다. (A drop doesn’t kill you, and you can’t drown in a bucket.)||Une goutte ne tue pas et on ne se noie pas dans verre d'eau.
desc_relic_theMightySushi|Sushi Motherload!||Sushi Motherload!|Куча суши, мать твою!|||초밥 대방출! (Sushi Motherload!)||Par la mère de tous les sushis !
desc_relic_karpHead|It might be rotten, according to smell at least.||Talvez esteja podre, pelo menos de acordo com o cheiro.|Оно может быть гнилым, по крайней мере, судя по запаху.|||||L'odeur le laisse présager que c'est probablement pourri.
desc_relic_lantern|It’s good to carry light with you when you dwelve in to the dark.||É bom levar uma luz com você quando estiver no escuro.|Хорошо нести с собой свет, когда ты пребываешь во тьме.|||어두운 곳에 들어갈 때는 빛을 가지고 다니는 것이 좋습니다. (It’s good to carry light with you when you dwelve in to the dark.)||Il est bon d'emporter de la lumière avec soi lorsqu'on s'enfonce dans l'obscurité.
desc_relic_razorLeaf|Nature offers it’s finest.||A natureza oferece o que há de melhor.|Природа предлагает самое лучшее.|||자연이 최고의 것을 제공한다. (Nature offers it’s finest.)||La nature offre ce qu'elle a de plus beau.
desc_relic_ninjaHook|Swing from roof to roof.||Balance de telhado em telhado.|Перепрыгивайте с крыши на крышу.|||지붕에서 지붕으로 흔들어 이동하세요. (Swing from roof to roof.)||Se balancer de toit en toit.
desc_relic_riceChopsticks|Even heroes need to eat.||Até mesmo os heróis precisam comer.|Даже героям нужно есть.|||영웅도 먹어야 한다. (Even heroes need to eat.)||Même les héros ont besoin de manger.
desc_relic_minisect|Smaller hivemind at your service.||Uma mente coletiva menor a seu serviço.|Меньший разум улья к вашим услугам.|||||Un petit esprit de ruche à votre service.
desc_relic_shadeOfDeath|Harness the power of death.||Aproveite o poder da morte.|Используй силу смерти.|||죽음의 힘을 다루십시오. (Harness the power of death.)||Maîtrisez le pouvoir de la Mort.
desc_relic_dislocatedEye|Who’s eye is this?!||De quem é esse olho?|Чей это глаз?!|||||C'est l'œil de qui ?
desc_relic_halfEatenMochi|It came from the rice fields.||Ele veio dos campos de arroz.|Он доносился с рисовых полей.|||논에서 왔다. (It came from the rice fields.)||Il vient des rizières.
desc_relic_bonsaiTree|Take good care of it.||Cuide bem dele.|Хорошенько позаботьтесь об этом.|||잘 보살펴 주세요. (Take good care of it.)||Prenez-en bien soin.
desc_relic_daPlayersDislocatedHead|It attracts flies.||Ele atrai moscas.|Это привлекает мух.|||파리를 끌어들인다. (It attracts flies.)||Ca attire les mouches.
desc_relic_witchClaw|Once used for a ritual to curse someone.||Já foi usado em um ritual para amaldiçoar alguém.|Когда-то использовался для ритуала, чтобы проклясть кого-то.|||한때 누군가를 저주하는 의식에 사용되었던 것. (Once used for a ritual to curse someone.)||Utilisé une fois pour un rituel de malédiction.
desc_relic_shatteredKatana|What use could a broken sword be?||Qual seria a utilidade de uma espada quebrada?|Какая польза может быть от сломанного меча?|||||À quoi peut bien servir une épée cassée ?
desc_relic_orbOfFire|Magical Orb of Fire.||Orbe Mágico de Fogo.|Магический Огненный шар.|||마법의 불의 오브 (Magical Orb of Fire.)||Orbe magique de feu.
desc_relic_orbOfIce|Magical Orb of Ice.||Orbe Mágico de Gelo|Волшебный Ледяной шар.|||얼음의 마법 구슬 (Magical Orb of Ice.)||Orbe magique de glace.
desc_relic_orbOfPoison|Magical Orb of Poison.||Orbe Mágico de Veneno.|Волшебный Шар с Ядом.|||독의 마법 구슬 (Magical Orb of Poison.)||Orbe magique de poison.
desc_relic_orbOfChaos|Magical Orb of Pure Chaos.||Orbe Mágico de Puro Caos.|Магический Шар Чистого Хаоса.|||순수한 혼돈의 마법 구슬 (Magical Orb of Pure Chaos.)||Orbe magique de pur chaos.
desc_relic_largeBeer|Don’t show it to Viking, he’ll be asking for another one.||Não o mostre ao Viking, ele pedirá outro.|Не показывай это Викингу, он попросит еще одно.|||바이킹에게 보여주지 마세요. 또 하나 달라고 할 거예요. (Don’t show it to Viking, he’ll be asking for another one.)||Ne la montrez pas au viking, il vous en demandera une autre.
desc_relic_bouncy|But for real, how does it bounce?!||Mas de verdade, como que isso quica?|Но на самом деле, как он отскакивает?!|||||Mais pour de vrai, comment ça rebondit ?
desc_relic_balalayka|Play some beautiful tunes.||Toque algumas músicas bonitas.|Сыграй несколько красивых мелодий.|||아름다운 곡을 연주하세요. (Play some beautiful tunes.)||Joue des airs magnifiques.
desc_relic_darts|Very accurate, if you are skilled.||Muito preciso, se você for habilidoso.|Очень точно, если вы опытный специалист.|||기술이 있다면 매우 정확합니다. (Very accurate, if you are skilled.)||Très précis, si vous êtes habile.
desc_relic_smallSpikey|Bring some metal into the battlefield.||Traga um pouco de metal para o campo de batalha.|Принесите немного металла на поле боя.|||전장에 금속을 가져와라. (Bring some metal into the battlefield.)||Apportez un peu de métal sur le champ de bataille.
desc_relic_satansHorn|How did you obtain this?||Como você conseguiu isso?|Как вы это получили?|||||Comment avez-vous ceci ?
desc_relic_necromancersFinger|Can be used for some rituals.||Pode ser usado em alguns rituais.|Может использоваться для некоторых ритуалов.|||||Peut être utilisé pour certains rituels.
desc_relic_jarOfFlies|Whatever you do, don’t break the jar.||Não importa o que você faça, não quebre a jarra.|Что бы вы ни делали, не разбейте банку.|||||Quoi que vous fassiez, ne la brisez pas.
desc_relic_satansTooth|Blergh, it smells like sulfur.||Blergh, tem cheiro de enxofre.|Блин, пахнет серой.|||유황 냄새가 나네. (Blergh, it smells like sulfur.)||Blergh, ça sent le soufre.
desc_relic_butterflyKnife|But can you do tricks with it?||Mas você pode fazer truques com ele?|Но можете ли вы показывать с ним фокусы?|||하지만 그것으로 묘기를 부릴 수 있나요? (But can you do tricks with it?)||Mais pouvez-vous faire des tours avec ?
desc_relic_lightningBall|It was said these were a myth?||Dizia-se que isso era um mito?|Было сказано, что это миф?|||이것들이 전설이라고 했던가? (It was said these were a myth?)||On dit que c'est un mythe ?
desc_relic_steamSale|Paarma-Gaben :D||Paarma-Gaben :D|Paarma-Gaben :D|||||Loué soit Lord GabeN
desc_relic_esEnergy|On jumalten juoma.||É a bebida dos deuses.|On jumalten juoma.|||||Dans jumalten juoma.
desc_relic_boomerang|Does it come back?||Ele volta?|Возвращается ли оно?|||||Est-ce qu'il revient ?
desc_relic_squishyTheSuicidalPig|Just let it die already.||Deixe isso morrer de uma vez.|Просто позволь ему уже умереть.|||||Laissez-le mourir.
desc_relic_satansEye|Collector of Satan’s bodyparts?||Colecionador de partes do corpo de Satanás?|Коллекционер частей тела сатаны?|||||Collectionneur de morceaux de corps de Satan ?
desc_relic_mindBender|What even is this?||O que é isso?|Что это вообще такое?|||||Qu'est-ce que c'est que ça ?
desc_relic_lightCola|The taste is off.||O sabor é ruim.|Вкус не тот.|||||Ca n'a pas le même goût.
desc_relic_theHolyGrail|Mighty artifact with magical properties.||Artefato poderoso com propriedades mágicas.|Могущественный артефакт с магическими свойствами.|||마법 속성을 지닌 강력한 유물. (Mighty artifact with magical properties.)||Puissant artefact aux propriétés magiques.
desc_relic_monkeyKingBar|Can be extended.||Pode ser estendido.|Может быть расширен.|||확장할 수 있습니다. (Can be extended.)||Peut être étendu.
desc_relic_hornedMask|A Mask!? With Horns!??||Uma máscara!? Com chifres!??|Маска!? С Рогами!??|||가면!? 뿔이 달린!?? (A Mask!? With Horns!??)||Un masque ? Avec des cornes ! ??
desc_relic_honeyBee|Bzzzz bzz bz bz bzzzzzzz bzzzzz bz bzzzz bzz bzzzzzzzz bz bzzz ||Bzzzz bzz bz bz bzzzzzzz bzzzzz bz bzzzz bzz bzzzzzzzz bz bzzz |Bzzzz bzz bz bz bzzzzzzz bzzzzz bz bzzzz bzz bzzzzzzzz bz bzzz |||||Bzzzz bzz bz bz bzzzzzzz bzzzzz bz bzzzz bzzzzzzzzzz bz bzzzzz 
desc_relic_1000kg|Really, really heavy.||Muito, muito pesado.|Очень, очень тяжелый.|||정말, 정말 무겁다. (Really, really heavy.)||Vraiment, vraiment lourd.
desc_relic_pickledBrain|Tastes like pickles!||Tem gosto de picles!|На вкус как маринованные огурцы!|||피클 맛이 나! (Tastes like pickles!)||On dirait des cornichons !
desc_relic_keyGen|Crack the game!||Quebre o jogo!|Взломай игру!|||게임을 깨라! (Crack the game!)||Pirate le jeu !
desc_relic_dragonsHead|Spit fire like a dragon.||Cuspa fogo como um dragão.|Плюющийся огнем, как дракон.|||용처럼 불을 뿜어라. (Spit fire like a dragon.)||Crache du feu comme un dragon.
desc_relic_winnersDrug|Dopium!||Dopium!|Допиум!|||||À l'insu de mon plein gré !
desc_relic_casinoDice|Good luck.||Boa sorte.|Удачи.|||||Bonne chance.
desc_relic_lotteryTicket|Is it a winning ticket?||É um bilhete premiado?|Это выигрышный билет?|||||Est-ce un ticket gagnant ?
desc_relic_vadjra|This old spear belong to one of the fiercest warriors of her time.||Essa lança antiga pertenceu a uma das guerreiras mais ferozes de sua época.|Это старинное копье принадлежало одной из самых свирепых воительниц своего времени.|||이 오래된 창은 그녀의 시대에서 가장 사나운 전사 중 하나에게 속한 것입니다. (This old spear belong to one of the fiercest warriors of her time.)||Cette vieille lance appartenait à l'une des plus féroces guerrières de son temps.
desc_relic_maryosPipe|Pop in, hop out.||Entre e saia.|Заскакивай, выпрыгивай.|||들어왔다가 나가라. (Pop in, hop out.)||Tu me vois, tu me vois plus !
desc_relic_rottenApple|Disgusting, but powerful.||Nojento, mas poderoso.|Отвратительный, но могущественный.|||역겹지만 강력하다. (Disgusting, but powerful.)||Dégoûtant, mais puissant.
desc_relic_handOfMidas|Turns stuff into gold, right?||Transforma as coisas em ouro, certo?|Превращает вещи в золото, верно?|||||Elle transforme des trucs en or, pas vrai ?
desc_relic_oversized|Just like your mother.||Assim como sua mãe.|Совсем как твоя мать.|||||Comme ta mère.
desc_relic_fortuneCard|Like a lucky token, keep this in your pocket for good luck.||Como um símbolo da sorte, mantenha-o em seu bolso para ter boa sorte.|Как счастливый жетон, храните это у себя в кармане на удачу.|||행운의 부적으로, 행운을 위해 주머니에 보관하세요. (Like a lucky token, keep this in your pocket for good luck.)||Comme un porte-bonheur, garde-le dans ta poche pour te porter chance.
desc_relic_deliciousPie|Tastes like heaven.||O sabor é divino.|На вкус как рай.|||||Un petit goût de paradis.
desc_relic_amazonsSpears|Poisonous Spears!||Lanças venenosas!|Ядовитые копья!|||독이 든 창! (Poisonous Spears!)||Lances empoisonnées !
desc_relic_jungleVial|Contains raw poison!||Contém veneno puro!|Содержит сырой яд!|||||Un concentré de pur poison !
desc_relic_manaDice|Try your luck for mana.||Tente sua sorte para obter mana.|Испытайте свою удачу ради маны.|||운에 맡겨 마나를 얻으세요. (Try your luck for mana.)||Tentez votre chance pour du mana.
desc_relic_wizardsHat|Tap to the wizards manapool.||Toque na reserva de mana dos magos.|Нажмите на панель управления wizards.|||마법사의 마나 풀을 탭하세요. (Tap to the wizards manapool.)||Tapez dans la réserve de mana des sorciers.
desc_relic_zombiesFace|Spread the disease.||Espalhe a doença.|Распространяйте болезнь.|||병을 퍼뜨리세요. (Spread the disease.)||Répandez la maladie.
desc_relic_metalDetector|Where is that ore?||Onde está aquele minério?|Где эта руда?|||||Où est ce minerai ?
desc_relic_lootARang|It loots, and returns to you.||Ele saqueia e retorna para você.|Он грабит и возвращается к вам.|||약탈하고 나서 당신에게 돌아옵니다. (It loots, and returns to you.)||Rapporte le butin.
desc_relic_propHuntKit|Minigames!||Minigames!|Мини-игры!|||미니게임! (Minigames!)||Mini-jeux !
desc_relic_doggo|Such rocket, wow.||Que foguete, uau.|Такая ракета, вау.|||||Tel une fusée, waouh.
desc_relic_stevesDirtyHead|Hihheeheh my ass is hairy||Hihheeheh minha bunda é peluda|Хихихехех, у меня волосатая задница|||||J'ai le claqu'-merde qui r'foule
desc_relic_lostWand|Once belonged to a mages apprentice.||Já pertenceu a um aprendiz de mago.|Когда-то принадлежал ученику мага.|||한때 마법사의 제자에게 속했던 것. (Once belonged to a mages apprentice.)||Il a appartenu à un apprenti mage.
desc_relic_wizardsMindBomb|Mind = Blown.||Mente = Explodida.|Разум = Взорван.|||||Esprit = soufflé.
desc_relic_newtTail|Don’t worry, it grows back.||Não se preocupe, ela cresce de volta.|Не волнуйся, они отрастут снова.|||걱정 마세요, 다시 자라납니다. (Don’t worry, it grows back.)||Ne vous inquiétez pas, ça repousse.
desc_relic_candyBasket|Share the sweets!||Compartilhe os doces!|Поделись сладостями!|||||Partageons les friandises !
desc_relic_snowball|Snowfight!||Briga de neve!|Снежный бой!|||눈싸움! (Snowfight!)||Combat de boules de neige !
desc_relic_thiefsGlove|A smooth criminal.||Um criminoso ardiloso.|Гладкий преступник.|||||Smooth criminal.
desc_relic_shocker3000|Magnificent creation of Science!||Magnífica criação da ciência!|Великолепное творение науки!|||과학의 멋진 창조물! (Magnificent creation of Science!)||Magnifique création de la science !
desc_relic_flail|Return after use.||Devolver após o uso.|Верните после использования.|||사용 후 반환하십시오. (Return after use.)||Retour après utilisation.
desc_relic_soulBox|Soul Collector.||Coletor de almas.|Собиратель душ.|||영혼 수집가 (Soul Collector.)||Collectionneur d'âmes.
desc_relic_chickenMask|Disguise.||Disfarce.|Маскировка.|||||Déguisement.
desc_relic_cursedBook|Book that holds a curse.||Livro que contém uma maldição.|Книга, в которой заключено проклятие.|||||Livre qui contient une malédiction.
desc_relic_headExtractor|Decapitator 2000.||Decapitador 2000.|Обезглавливатель 2000.|||데카피테이터 2000 (Decapitator 2000.)||Décapiteur 2000.
desc_relic_bombBoat|Heavy duty bombs.||Bombas para trabalho pesado.|Сверхмощные бомбы.|||강력한 폭탄 (Heavy duty bombs.)||Bombes à usage intensif.
desc_relic_fishNet|Handmade.||Feito à mão.|Ручная работа.|||수제 (Handmade.)||Fait main.
desc_relic_bookOfCommand|Powerful book.||Um livro poderoso.|Мощная книга.|||||Livre puissant.
desc_relic_sucker5000|Magnificent creation of Science!||Magnífica criação da ciência!|Великолепное творение науки!|||과학의 멋진 창조물! (Magnificent creation of Science!)||Une autre magnifique création de la science !
desc_relic_sucker5000b|Even more magnificent creation of Science!||Criação ainda mais magnífica da ciência!|Еще более великолепное творение Науки!|||과학의 더욱 멋진 창조물! (Even more magnificent creation of Science!)||Une création encore plus magnifique de la science !
desc_relic_pulser|Destroy nearby cloaking devices!||Destrói dispositivos de camuflagem próximos!||||주변의 은폐 장치를 파괴하라! (Destroy nearby cloaking devices!)||
|||||||||
[Relic Talents]|||||||||
talent_name_relicRubberDuck|Duck Throw||Arremesso de Pato|Бросок Утки|||||Lancer de canard
talent_name_relicApple|Apple Blast||Explosão de Maçã|Яблочный взрыв|||애플 블래스트 (Apple Blast)||Coup de pomme
talent_name_relicAaronsStaff|Healing Touch||Toque Curativo|Исцеляющее Прикосновение|||치유의 손길 (Healing Touch)||Touché de guérison
talent_name_relicBookOfBelial|Satanic Chant||Canto Satânico|Сатанинское Пение|||||Chant satanique
talent_name_relicScytheOfBlood|Flying Scythe||Foice Voadora|Летящая Коса|||||Faucheuse volante
talent_name_relicRainbow|Rainbow Drool||Baba Arco-íris|Радужные Слюни|||무지개 침 (Rainbow Drool)||Bave arc-en-ciel
talent_name_relicFlySwatter|Memes||Memes|Мемы|||||Memes
talent_name_relicAngelStaff|Arch Angel’s Fury||Fúria do Arcanjo|Ярость Архангела|||대천사의 분노 (Arch Angel’s Fury)||Fureur de l'archange
talent_name_relicRocketBarrage|Barrage of Rockets||Barragem de Foguetes|Шквал ракет|||로켓 폭격 (Barrage of Rockets)||Barrage de roquettes
talent_name_relicShiv|Flying Shivs||Facas Voadoras|Летающие Заточки|||날아다니는 단검 (Flying Shivs)||Saï volants
talent_name_relicStickmanSteve|Call of Steve||Chamado de Steve|Зов Стива|||스티브의 부름 (Call of Steve)||Appel de Steve
talent_name_relicBomb|Regular Bomb||Bomba Regular|Обычная Бомба|||일반 폭탄 (Regular Bomb)||Bombe ordinaire
talent_name_relicMeatHook|Meat Hook||Gancho de Carne|Мясной Крючок|||미트 훅 (Meat Hook)||Crochet à viande
talent_name_relicCandyCrusher|Candy Crush||Candy Crush|Раздавить Конфету|||||Broyeur de bonbons
talent_name_relicNinjaHook|Ninja Hooks||Ganchos Ninja|Крючки Ниндзя|||||Crochets Ninja
talent_name_relicShadeOfDeath|Shadow Strike||Ataque das Sombras|Теневой удар|||그림자 타격 (Shadow Strike)||Frappe de l'ombre
talent_name_relicDislocatedEye|Crippling Cold||Frio Intenso|Калечащий Холод|||||Froid paralysant
talent_name_relicOrbOfFire|Hydra’s Calling||Chamado da Hidra|Гидра зовет|||히드라의 부름 (Hydra’s Calling)||Appel d'Hydre
talent_name_relicOrbOfIce|Frost Orb’s Calling||Chamado do Orbe Congelado|Ледяной Шар зовет|||서리 구슬의 부름 (Frost Orb’s Calling)||Appel d'Orbe de givre
talent_name_relicOrbOfPoison|Toxic Nova’s Calling||Chamado da Nova Tóxica|Токсичная Нова зовет|||독성 노바의 부름 (Toxic Nova’s Calling)||Appel de Nova toxique
talent_name_relicOrbOfChaos|Calling of Chaos||Chamado do Caos|Призыв Хаоса|||혼돈의 부름 (Calling of Chaos)||Appel du Chaos
talent_name_relicBouncy|Bouncing Spikeball||Bola de Espinhos Saltitante|Прыгающий Колючий Мяч|||튀어오르는 스파이크볼 (Bouncing Spikeball)||Boule de fer rebondissante
talent_name_relicBalalayka|Classic Tunes||Músicas Clássicas|Классические Мелодии|||||Mélodies classiques
talent_name_relicDarts|Flying Darts||Dardos Voadores|Летящие Дротики|||날아다니는 다트 (Flying Darts)||Fléchettes volantes
talent_name_relicSatansHorn|Satanic Groundsmash||Esmagamento de Solo Satânico|Сатанинский Удар По Земле|||사탄의 대지 강타 (Satanic Groundsmash)||Fracas satanique
talent_name_relicJarOfFlies|Nasty Flies||Moscas Nojentas|Мерзкие Мухи|||Nasty Flies (Nasty Flies)||Mouche désagréable
talent_name_relicSatansTooth|Molten Toothache||Dor de Dente Fundida|Острая Зубная Боль|||용암 치통 (Molten Toothache)||Mal de dents infernal
talent_name_relicBoomerang|Australian Sport||Esporte Australiano|Австралийский спорт|||호주 스포츠 (Australian Sport)||Sport australien
talent_name_relicSquishy|Suicidal Pig||Porco Suicida|Свинья - самоубийца|||자살 돼지 (Suicidal Pig)||Cochon suicidaire
talent_name_relicLightCola|Boost of Energy||Impulso de Energia|Заряд энергии|||||Boost d'énergie
talent_name_relic1000kg|Heavy Weight||Peso Pesado|Тяжелый Вес|||헤비 웨이트 (Heavy Weight)||Poids lourd
talent_name_relicKeyGen|Bluescreen of Death||Tela Azul da Morte|Синий экран смерти|||죽음의 블루스크린 (Bluescreen of Death)||Bluescreen of Death
talent_name_relicDragonsHead|Molten Breath||Hálito Fundido|Расплавленное Дыхание|||용암 숨결 (Molten Breath)||Souffle de fusion
talent_name_relicCasinoDice|Lucky Dice||Dado da Sorte|Счастливые кости|||||Dés chanceux
talent_name_relicVajdra|Stormy Javelin||Dardo Tempestuoso|Бурный Дротик|||폭풍의 자벨린 (Stormy Javelin)||Javelot orageux
talent_name_relicMaryosPipe|Pipe Diver||Mergulhador de Canos|Водолаз - Трубочист|||파이프 다이버 (Pipe Diver)||Sondeur de tuyaux
talent_name_relicRottenApple|Mass Hex||Hex em Massa|Массовый Шестнадцатеричный|||대규모 마법진 (Mass Hex)||Malédiction de masse
talent_name_relicDeliciousPie|So Good||Muito Bom|Так Хорошо|||||Si bon
talent_name_relicWizardsHat|Manalicious||Manalicioso|Мужественный|||마나리셔스 (Manalicious)||Manalicieux
talent_name_relicLootarang|Sticky Boomerang||Bumerangue Grudento|Липкий Бумеранг|||끈적끈적 부메랑 (Sticky Boomerang)||Boomerang collant
talent_name_relicPropHunt|Prop Hunting||Caça aos Adereços|Охота за Реквизитом|||소품 사냥 (Prop Hunting)||Cache-cache
talent_name_relicDogeRocket|To the MOON||Para a LUA|На ЛУНУ|||||Jusqu'à la LUNE
talent_name_relicHalloweenBasket|Candy Basket||Cesta de Doces|Корзина для Конфет|||||Panier de bonbons
talent_name_relicSnowBall|Snowball Throw||Arremesso de Bola de Neve|Бросок Снежка|||||Lancer de boule de neige
talent_name_relicThievesGlove|Fiddling Glove||Luva da Desonestidade|Перчатка для игры на Скрипке|||피들링 장갑 (Fiddling Glove)||Gant de bricolage
talent_name_relicShocker|Shocker 9000||Shocker 9000|Шокер 9000|||쇼커 9000 (Shocker 9000)||Choc 9000
talent_name_relicFlail|Flailstrike||Golpe de Mangual|Удар кистенем|||||Frappe au fléau
talent_name_relicSoulBox|Open the Box||Abra a Caixa|Открой Коробку|||상자를 열다 (Open the Box)||Ouvrir la boîte
talent_name_relicChickenMask|All them Chickens||Todas as Galinhas|Все эти Цыплята|||||Tous les poulets
talent_name_relicCursedBook|Dare to Read?||Ousa ler?|Осмелитесь прочитать?|||읽을 용기가 있습니까? (Dare to Read?)||Oser lire ?
talent_name_relicSucker|Extract Heads||Extrair Cabeças|Извлекающие Головки|||머리 추출 (Extract Heads)||Extraire les têtes
talent_name_relicBombBoat|Naval Bomb||Bomba Naval|Морская бомба|||해군 폭탄 (Naval Bomb)||Bombe navale
talent_name_relicFishNet|Trap the Fish||Captura o Peixe|Поймайте Рыбу в ловушку|||물고기 잡기 (Trap the Fish)||Piège à poissons
talent_name_relicBookOfCommand|Commanding Power||Poder de Comando|Властная Сила|||지휘력 (Commanding Power)||Pouvoir de commandement
talent_name_relicSucker5000|Sucking Power||Poder de Sucção|Всасывающая Сила|||흡입력 (Sucking Power)||Pouvoir d'aspiration
talent_name_relicSucker5000b|Empowered Sucking Power||Poder de Sucção Melhorado|Усиленная Сосущая Сила|||||Pouvoir d'aspiration renforcé
talent_name_relicDevilHorn|Satanic Replenishment||Reabastecimento Satânico|Сатанинское Пополнение|||사탄의 보충 (Satanic Replenishment)||Réapprovisionnement satanique
talent_name_relicFireAndIce|Frostburn||Queimadura por Frio|Обмороженный|||||Engelure
talent_name_relicDeathsScythe|Reaping||Colheita|Жатва|||||Récolte
talent_name_relicCactus|Spiky Plant||Planta Espinhosa|Колючее Растение|||||Plante épineuse
talent_name_relicAssassinsShuriken|Shruken Strike||Ataque de Shuriken|Удар плечом Вперед|||축소 타격 (Shruken Strike)||Frappe soudaine
talent_name_relicRazerHeadSet|Sonar Pulse||Pulso Sonar|Импульс гидролокатора|||소나 펄스 (Sonar Pulse)||Impulsion sonique
talent_name_relicRazorLeaf|Razor Leaves||Folhas de Barbear|Листья от Бритвы|||날카로운 잎사귀 (Razor Leaves)||Feuilles de rasoir
talent_name_relicTequila|Drunken Arson||Incêndio Embriagado|Пьяный Поджог|||||Ivre
talent_name_relicMightySushi|Tasty Explosion||Explosão Deliciosa|Вкусный Взрыв|||맛있는 폭발 (Tasty Explosion)||Explosion savoureuse
talent_name_relicRiceChopsticks|Disarming Strike||Ataque Desarmante |Обезоруживающий удар|||무장 해제 타격 (Disarming Strike)||Frappe de désarmement
talent_name_relicDaPlayer|Rotting Carcas||Carcaça Apodrecida|Гниющие Туши|||썩어가는 시체 (Rotting Carcas)||Carcasse pourrie
talent_name_relicWitchClaw|Hexing Strike||Ataque de Hex|Колдовской Удар|||||Frappe maudite
talent_name_relicShatteredKatana|Gust of Wind||Rajada de Vento|Порыв ветра|||||Bourrasque
talent_name_relicLargeBeer|Nausea||Náusea|Тошнота|||||Nausée
talent_name_relicNecromancersFinger|Lost Soul||Alma Perdida|Потерянная Душа|||잃어버린 영혼 (Lost Soul)||Âme perdue
talent_name_relicLightningBall|Lightning Ball||Bola de Raio|Шар - Молния|||번개 공 (Lightning Ball)||Boule de foudre
talent_name_relicEsEnergy|Jonnen Valinta||Jonnen Valinta|Jonnen Valinta|||||Jonnen Valinta
talent_name_relicSatansEye|Burning Vision||Visão Flamejante|Горящее Видение|||||Vision brûlante
talent_name_relicHolyGrail|Heaven’s Light||Luz do Céu|Небесный свет|||||Lumière du ciel
talent_name_relicWinnersDrug|Manastream||Fluxo de Mana|Манастрим|||마나스트림 (Manastream)||Flux de mana
talent_name_relicLotteryTicket|Lucky Numbers||Números da Sorte|Счастливые Числа|||행운의 숫자 (Lucky Numbers)||Chiffres chanceux
talent_name_relicHandOfMidas|Hand of Midas||Mãos de Midas|Рука Мидаса|||미다스의 손 (Hand of Midas)||Main de Midas
talent_name_relicAmazonsSpears|Poisonous Hit||Acerto Venenoso|Ядовитый Удар|||독성 타격 (Poisonous Hit)||Coup empoisonné
talent_name_relicManaDice|Mana Recovery||Recuperação de Mana|Восстановление маны|||마나 회복 (Mana Recovery)||Restauration du mana
talent_name_relicZombiesFace|Disease||Doença|Болезнь|||||Maladie
talent_name_relicMetalDetector|Node Detection||Detecção de Veio|Обнаружение узла|||노드 감지 (Node Detection)||Détection de veine
talent_name_relicPickledBrain|Aldo’s Rotten Brain||Cérebro Apodrecido de Aldo|Прогнивший Мозг Альдо|||알도의 썩은 뇌 (Aldo’s Rotten Brain)||Cerveau pourri d'Aldo
talent_name_relicDemonSheep|Demon Sheep||Ovelha Demoníaca|Демоническая Овца|||악마 양 (Demon Sheep)||Mouton démoniaque
talent_name_relicSkullbat|Skull Bat||Morcego-caveira|Череп Летучей Мыши|||||Crâne de chauve-souris
talent_name_relicShredder|Shredder||Triturador|Измельчитель|||슈레더 (Shredder)||Déchiqueteuse
talent_name_relicFetus|F.E.T.U.S.||F.E.T.O|F.E.T.U.S.|||||F.E.T.U.S.
talent_name_relicTheEye|The Eye||O Olho|Глаз|||||l'Oeil
talent_name_relicShrunkenHead|Shrunken Head||Cabeça Encolhida|Сморщенная Голова|||축소된 머리 (Shrunken Head)||Tête de raton laveur
talent_name_relicAncientRock|Ancient Rock||Pedra Antiga|Древняя Скала|||고대의 바위 (Ancient Rock)||Ancien rocher
talent_name_relicTemplarShield|Templar Shield||Escudo do Templário|Щит Тамплиера|||템플러 방패 (Templar Shield)||Bouclier des Templiers
talent_name_relicTheAlmightyFedora|The Almighty Fedora||A Poderosa Fedora|Всемогущая Фетровая шляпа|||전능한 페도라 (The Almighty Fedora)||Le tout-puissant Fedora
talent_name_relicGuardianAngel|Guardian Angel||Anjo Guardião|Ангел - Хранитель|||수호 천사 (Guardian Angel)||Ange gardien
talent_name_relicWarZeppelin|War Zeppelin||Zepelim de Guerra|Военный Дирижабль|||전쟁 비행선 (War Zeppelin)||Zeppelin de guerre
talent_name_relicKarpHead|Karp Head||Cabeça de Carpa|Голова Карпа|||카프 헤드 (Karp Head)||Tête de Carpe
talent_name_relicMinisect|Minisect||Mininseto|Минисект|||미니섹트 (Minisect)||Minisect
talent_name_relicHoneyBee|Honey Bee||Abelha|Медоносная Пчела|||허니 비 (Honey Bee)||Abeille
talent_name_relicStevesDirtyHead|Steves Dirty Head||Cabeça Suja de Steve|Грязная Голова Стива|||스티브의 더러운 머리 (Steves Dirty Head)||Tête sale de Steve
talent_name_relicDevilSkull|Burst of Rage||Explosão de Raiva|Взрыв ярости|||분노의 폭발 (Burst of Rage)||Éclat de rage
talent_name_relicFrozenOrb|Chilling Strike||Ataque Arrepiante|Леденящий Душу Удар|||서늘한 일격 (Chilling Strike)||Frappe glaciale
talent_name_relicStormDagger|Lightning Strike||Ataque de Raios|Удар молнии|||번개 강타 (Lightning Strike)||Coup de foudre
talent_name_relicOdinsSword|Divine Scorch||Queimadura Divina|Божественный Ожог|||신성한 불꽃 (Divine Scorch)||Brûlure divine
talent_name_relicOgreClub|Me Smash!||Eu Esmago!|Меня разобьют!|||||Moi frapper !
talent_name_relicBasiliksTooth|Stoned||Empedrado|Обкуренный|||||Pétrifié
talent_name_relicPulser|Gamma Pulse||Pulso Gama||||감마 펄스 (Gamma Pulse)||
|||||||||
talent_desc_relicRubberDuck|Throw a duck over your head that explodes in small AOE Magic Damage.||Jogue um pato sobre sua cabeça que explode em uma pequena área de Dano Mágico.|Бросьте утку над головой, которая взрывается, нанося небольшой магический урон AOE.|||머리 위로 오리를 던져 작은 범위의 마법 피해를 입힙니다. (Throw a duck over your head that explodes in small AOE Magic Damage.)||Lancez un canard au-dessus de votre tête qui explose en petits dégâts magiques de zone.
talent_desc_relicApple|Throw an apple in to the air that explodes in to small projectiles around you that deal Magic Damage.||Jogue uma maçã no ar que explode em pequenos projéteis ao seu redor, causando Dano Mágico.|Подбросьте яблоко в воздух, которое разлетится на мелкие снаряды вокруг вас, наносящие магический урон.|||사과를 공중에 던져 주변에 작은 투사체로 폭발하여 마법 피해를 입힙니다. (Throw an apple in to the air that explodes in to small projectiles around you that deal Magic Damage.)||Lance une pomme en l'air qui explose en petits projectiles autour de toi qui infligent des dégâts magiques.
talent_desc_relicAaronsStaff|Heals your self on cast.||Cura a si mesmo ao ser conjurado.|Исцелите себя на гипсе.|||시전 시 자신을 치유합니다. (Heals your self on cast.)||Vous soigne lors de l'incantation.
talent_desc_relicBookOfBelial|When cast, temporarily boost your Damage.||Quando conjurado, aumenta seu Dano temporariamente.|При наложении заклинания временно увеличьте свой урон.|||주문을 사용하면 일시적으로 피해량이 증가합니다. (When cast, temporarily boost your Damage.)||Augmente temporairement vos dégâts à l'utilisation.
talent_desc_relicSwordOfBlood|Throw a spinning scythe dealing AOE damage.||Arremessa uma foice giratória que causa dano em área.||||회전하는 낫을 던져 범위 피해를 입히세요. (Throw a spinning scythe dealing AOE damage.)||
talent_desc_relicRainbow|Cast a rainbow beam forward that deals Magic Damage.||Lança um raio de arco-íris que causa Dano Mágico.|Бросьте радужный луч вперед, который наносит магический урон.|||무지개 광선을 앞으로 발사하여 마법 피해를 입힙니다. (Cast a rainbow beam forward that deals Magic Damage.)||Lancez un rayon arc-en-ciel devant vous qui inflige des dégâts magiques.
talent_desc_relicFlySwatter|Cast to read a random meme.||Conjure para ler um meme aleatório.|Разыгрывается для чтения случайного мема.|||무작위 밈을 읽으려면 시전하세요. (Cast to read a random meme.)||Lancez pour lire un meme au hasard.
talent_desc_relicAngelStaff|Cast to unleash apocalypse on small AOE around you dealing Magic Damage.||Conjure para desencadear o apocalipse em uma pequena área ao seu redor, causando Dano Mágico|Разыгрывайте, чтобы вызвать апокалипсис на небольших AOE вокруг вас, нанося магический урон.|||주변 작은 범위에 마법 피해를 입히는 종말을 일으킵니다. (Cast to unleash apocalypse on small AOE around you dealing Magic Damage.)||Lancez pour déchaîner l'apocalypse sur une petite zone autour de vous en infligeant des dégâts magiques.
talent_desc_relicRocketBarrage|Cast to launch 4 rockets towards nearest enemies dealing Damage on impact.||Conjure para lançar 4 foguetes em direção aos inimigos mais próximos, causando Dano no impacto.|Разыгрывается для запуска 4 ракет в сторону ближайших врагов, наносящих урон при попадании.|||가장 가까운 적을 향해 4개의 로켓을 발사하여 충돌 시 피해를 입힙니다. (Cast to launch 4 rockets towards nearest enemies dealing Damage on impact.)||Lancez 4 fusées vers les ennemis les plus proches en leur infligeant des dégâts à l'impact.
talent_desc_relicShiv|Cast to throw 4 blades towards target location dealing Damage.||Conjure para lançar 4 lâminas na direção apontada, causando Dano.|Бросок, чтобы бросить 4 клинка в сторону цели, наносящих урон.|||지정된 위치로 4개의 칼날을 던져 피해를 입힙니다. (Cast to throw 4 blades towards target location dealing Damage.)||Lancez pour projeter 4 lames vers l'endroit ciblé en infligeant des dégâts.
talent_desc_relicStickmanSteve|Cast to summon Stickman Steve to attack nearest enemies dealing Damage.||Conjure para convocar o Stickman Steve para atacar os inimigos mais próximos, causando Dano.|Бросок для вызова Крупье Стива, который атакует ближайших врагов, нанося им урон.|||스틱맨 스티브를 소환하여 가장 가까운 적을 공격하고 피해를 입힙니다. (Cast to summon Stickman Steve to attack nearest enemies dealing Damage.)||Lancez pour invoquer Stickman Steve et attaquer les ennemis les plus proches en leur infligeant des dégâts.
talent_desc_relicBomb|Cast to leave a bomb behind that explodes in an AOE dealing Damage.||Conjure para deixar uma bomba para trás que explode em área, causando Dano.|Бросок оставляет после себя бомбу, которая взрывается во время AOE, нанося урон.|||폭탄을 남겨두고 폭발하여 범위 내 적에게 피해를 줍니다. (Cast to leave a bomb behind that explodes in an AOE dealing Damage.)||Lancez pour laisser une bombe derrière vous qui explose en infligeant des dégâts de zone.
talent_desc_relicMeatHook|Cast to hook and pull the nearest enemy closer to you stunning them and dealing Damage.||Conjure para puxar os inimigo mais próximo até você, atordoando-o e causando Dano.|Примените заклинание, чтобы зацепить и притянуть ближайшего врага ближе к себе, оглушая его и нанося урон.|||가까운 적을 갈고리로 끌어당겨 기절시키고 피해를 입힙니다. (Cast to hook and pull the nearest enemy closer to you stunning them and dealing Damage.)||Lancez pour attraper et attirer l'ennemi le plus proche vers vous en l'étourdissant et en lui infligeant des dégâts.
talent_desc_relicCandyCrusher|Cast to launch candy around you exploding and dealing Magic Damage.||Conjure para lançar doce em volta de você, explodindo e causando Dano Mágico.|Применяйте заклинание, чтобы запускать вокруг себя взрывающиеся конфеты, наносящие магический урон.|||사탕을 주위에 던져 폭발시키고 마법 피해를 입힙니다. (Cast to launch candy around you exploding and dealing Magic Damage.)||Lancez pour faire exploser les bonbons autour de vous et infliger des dégâts magiques.
talent_desc_relicNinjaHook|Cast to hook and pull 3 closest enemies towards you dealing Damage.||Conjure para puxar em sua direção os 3 inimigos mais próximos de você, causando Dano.|Примените заклинание, чтобы зацепить и притянуть к себе 3 ближайших врага, нанося им урон.|||낚싯줄을 던져 가장 가까운 적 3명을 끌어당겨 피해를 입힙니다. (Cast to hook and pull 3 closest enemies towards you dealing Damage.)||Lancez pour attraper et tirer 3 ennemis les plus proches vers vous en leur infligeant des dégâts.
talent_desc_relicShadeOfDeath|Cast to strike enemies around you with power of Death stunning and dealing Magic Damage.||Conjure para acertar inimigos em sua volta com o poder da Morte, atordoando-os e causando Dano Mágico.|Применяйте заклинание, поражающее врагов вокруг вас силой Смерти, оглушающее и наносящее магический урон.|||죽음의 힘으로 주변 적을 공격하여 기절시키고 마법 피해를 입힙니다. (Cast to strike enemies around you with power of Death stunning and dealing Magic Damage.)||Lancez le sort pour frapper les ennemis autour de vous avec la puissance de la Mort, qui les étourdit et leur inflige des dégâts magiques.
talent_desc_relicDislocatedEye|Cast to strike enemies around you with Crippling Cold freezing and dealing Cold Damage.||Conjure para acertar inimigos em sua volta com o frio congelante, causando Dano de Gelo.|Применяйте заклинание, чтобы поражать окружающих вас врагов сокрушительным замораживанием и наносить урон от холода.|||주변 적들을 얼리고 냉기 피해를 주는 'Crippling Cold'를 시전합니다. (Cast to strike enemies around you with Crippling Cold freezing and dealing Cold Damage.)||Lancez pour frapper les ennemis autour de vous avec Froid mordant qui les gèle et leur inflige des dégâts de froid.
talent_desc_relicOrbOfFire|Cast to summon a fiery hydra that shoots fire at enemies dealing Fire Damage.||Conjure para convocar uma hidra ardente que atira fogo em seus inimigos, causando Dano de Fogo.|Используйте заклинание для вызова огненной гидры, которая стреляет огнем во врагов, нанося урон огнем.|||불의 피해를 입히는 적에게 불을 쏘는 불의 히드라를 소환합니다. (Cast to summon a fiery hydra that shoots fire at enemies dealing Fire Damage.)||Lancez pour invoquer une Hydre qui crache sur les ennemis en leur infligeant des dégâts de feu.
talent_desc_relicOrbOfIce|Cast a Frozen Orb that shoots ice shards while moving towards target location dealing Cold Damage.||Conjura um orbe congelado que atira fragmentos de gelo enquanto move-se na direção-alvo, causando Dano de Gelo.|Бросьте замороженный шар, который стреляет ледяными осколками во время движения к цели, нанося урон холодом.|||목표 지점으로 이동하면서 얼음 파편을 발사하는 얼음 구슬을 시전하여 냉기 피해를 입힙니다. (Cast a Frozen Orb that shoots ice shards while moving towards target location dealing Cold Damage.)||Lancez Orbe de glace qui projette des éclats de glace tout en se déplaçant vers la cible et en lui infligeant des dégâts de froid.
talent_desc_relicOrbOfPoison|Cast a poison nova around you dealing Poison Damage and poisoning the enemies.||Conjura uma nova venenosa em volta e você, causando Dano de Veneno e envenenando inimigos.|Разразите вокруг себя ядовитую нову, наносящую урон ядом и отравляющую врагов.|||주변에 독의 폭발을 일으켜 독 피해를 주고 적들을 중독시킵니다. (Cast a poison nova around you dealing Poison Damage and poisoning the enemies.)||Lancez Nova de poison autour de vous qui inflige des dégâts de poison et empoisonne les ennemis.
talent_desc_relicOrbOfChaos|Cast to explode enemies around you in Chaos dealing Damage.||Conjure para explodir inimigos em volta de você, causando Dano.|Применяйте заклинание, чтобы взрывать врагов вокруг вас в Хаосе, нанося урон.|||혼돈을 일으켜 주변의 적들을 폭발시키고 피해를 입힙니다. (Cast to explode enemies around you in Chaos dealing Damage.)||Lancez pour faire exploser les ennemis autour de vous en leur infligeant des dégâts.
talent_desc_relicBouncy|Launch a bouncing spike ball towards target location dealing Damage on impact.||Lança uma bola de espinhos saltitante na direção-alvo, causando Dano no impacto.|Запустите прыгающий шар с шипами в сторону цели, нанося урон при ударе.|||목표 지점에 튀어 오르는 가시 공을 발사하여 충돌 시 피해를 입힙니다. (Launch a bouncing spike ball towards target location dealing Damage on impact.)||Lance une boule de pointes rebondissantes vers la cible, infligeant des dégâts à l'impact.
talent_desc_relicBalalayka|Cast to play incredible solo that explodes in small AOE (because it’s so good) and deals Damage.||Conjure para tocar um solo incrível que explode em uma pequena área (porque é bom demais), causando Dano.|Разыгрывается невероятное соло, которое взрывается при небольшом AOE (потому что оно такое хорошее) и наносит урон.|||믿을 수 없을 만큼 멋진 솔로를 연주하여 작은 범위 내에서 폭발하며 피해를 줍니다. (Cast to play incredible solo that explodes in small AOE (because it’s so good) and deals Damage.)||Lancez pour jouer un solo incroyable qui explose dans une petite zone et inflige des dégâts.
talent_desc_relicDarts|Cast to throw darts in a circle around you dealing Damage on hit.||Conjure para lançar dardos em um círculo a sua volta, causando Dano no impacto.|Бросайте дротики по кругу вокруг себя, нанося урон при попадании.|||주변에 다트를 던져 맞힌 적에게 피해를 입힙니다. (Cast to throw darts in a circle around you dealing Damage on hit.)||Lancez pour projeter des fléchettes en cercle autour de vous, infligeant des dégâts au contact.
talent_desc_relicSatansHorn|Cast to raise spikes around target location dealing Damage.||Conjure para levantar espinhos em volta do local-alvo, causando Dano.|Бросьте, чтобы поднять шипы вокруг целевого местоположения, наносящие урон.|||대상 위치 주변에 가시를 솟아오르게 하여 피해를 입힙니다. (Cast to raise spikes around target location dealing Damage.)||Lancer pour faire surgir des pointes autour de la cible et lui infliger des dégâts.
talent_desc_relicJarOfFlies|Cast to release a fly from the jar to your close proximity dealing Damage on hit.||Conjure para criar espinhos ao redor do local-alvo, causando Dano.|Примените заклинание, чтобы выпустить муху из банки в непосредственной близости от вас, нанося урон при попадании.|||단지를 던져 근처에 파리를 풀어 공격을 가합니다. (Cast to release a fly from the jar to your close proximity dealing Damage on hit.)||Lancez pour libérer une mouche proche de vous, infligeant des dégâts en cas de contact.
talent_desc_relicSatansTooth|Cast to set enemies around you in flames for a short period dealing Fire Damage.||Conjure para tacar fogo em inimigos em sua volta por um curto período de tempo, causando Dano de Fogo.|Применяйте заклинание, чтобы на короткое время поджечь окружающих вас врагов, нанося им урон от огня.|||주변의 적들에게 불을 붙여 짧은 시간 동안 화염 피해를 입힙니다. (Cast to set enemies around you in flames for a short period dealing Fire Damage.)||Lancez pour enflammer les ennemis autour de vous pendant une courte période en leur infligeant des dégâts de feu.
talent_desc_relicBoomerang|Cast to throw a boomerang in towards target location dealing Damage on hit.||Conjure para arremessar um bumerangue na direção-alvo, causando Dano.|Бросок, чтобы бросить бумеранг в сторону цели, наносящий урон при попадании.|||부메랑을 목표 지점으로 던져 맞으면 피해를 입힙니다. (Cast to throw a boomerang in towards target location dealing Damage on hit.)||Lancez un boomerang en direction de l'endroit ciblé en infligeant des dégâts au toucher.
talent_desc_relicSquishy|Cast to summon Squishy the Suicidal Pig to run towards nearest enemy and drop a stone on itself dealing Damage.||Conjure para convocar Squishy, o Porco Suicida para correr em direção ao inimigo mais próximo e jogar uma pedra sobre si mesmo, causando Dano.|Бросок для вызова Сквиши, Свиньи-самоубийцы, которая бежит к ближайшему врагу и бросает в себя камень, наносящий урон.|||스퀴시 자살 돼지를 소환하여 가장 가까운 적에게 돌을 떨어뜨려 피해를 입힙니다. (Cast to summon Squishy the Suicidal Pig to run towards nearest enemy and drop a stone on itself dealing Damage.)||Lancer pour invoquer Squishy le cochon suicidaire qui court vers l'ennemi le plus proche et laisse tomber une pierre sur lui-même en infligeant des dégâts.
talent_desc_relicLightCola|Cast to drink cola that increases your Movement Speed for short period.||Conjure para beber cola que aumenta sua Velocidade de Movimento por um curto período de tempo.|Бросьте пить колу, которая на короткое время увеличивает вашу скорость передвижения.|||콜라를 마셔서 잠시 동안 이동 속도를 증가시킵니다. (Cast to drink cola that increases your Movement Speed for short period.)||Lancer pour boire du cola qui augmente votre vitesse de marche/course pendant une courte période.
talent_desc_relic1000kg|Cast to drop a 1000kg weight on target location dealing Damage.||Conjure para jogar um peso de 1000kg no local-alvo, causando Dano.|Бросок для сброса веса 1000 кг на целевое местоположение, наносящего урон.|||대상 위치에 1000kg 무게를 떨어뜨려 피해를 입힙니다. (Cast to drop a 1000kg weight on target location dealing Damage.)||Lancez pour faire tomber un poids de 1000 kg sur l'endroit ciblé, ce qui inflige des dégâts.
talent_desc_relicKeyGen|Stun and deal Damage to literally everything on the screen.||Atordoe e dê Dano a literalmente tudo na tela.|Оглушайте и наносите урон буквально всему на экране.|||화면에 있는 모든 것을 기절시키고 피해를 줍니다. (Stun and deal Damage to literally everything on the screen.)||Paralyser et infliger des dégâts à tout ce qui se trouve à l'écran.
talent_desc_relicDragonsHead|Cast to breath fire towards target location dealing Fire Damage.||Conjure para assoprar fogo na direção-alvo, causando Dano de Fogo.|Разыгрывается, чтобы выдыхать огонь в направлении цели, нанося урон от огня.|||대상 위치로 불을 내뿜어 화염 피해를 입힙니다. (Cast to breath fire towards target location dealing Fire Damage.)||Lancez pour souffler du feu vers l'endroit ciblé en infligeant des dégâts de feu.
talent_desc_relicCasinoDice|Cast to drop a Casino Dice on target location exploding and dealing Damage.||Conjure para jogar um Dado de Cassino no local-alvo, explodindo e causando Dano.|Бросьте, чтобы бросить кости казино в целевое местоположение, взрывающиеся и наносящие урон.|||지정된 위치에 카지노 주사위를 던져 폭발시키고 피해를 입힙니다. (Cast to drop a Casino Dice on target location exploding and dealing Damage.)||Lancez un dé de casino sur la cible, qui explose et inflige des dégâts.
talent_desc_relicVajdra|Cast to throw a storm javelin towards target location that casts chain lightning dealing Lightning Damage.||Conjure para arremessar um dardo na direção alvo que conjura uma cadeia de raios, causando Dano de Raios.|Бросок, чтобы бросить штормовое копье в сторону цели, которое бросает цепную молнию, наносящую урон от молнии.|||폭풍 창을 목표 지점으로 던져 연쇄 번개를 발사하여 번개 피해를 입힙니다. (Cast to throw a storm javelin towards target location that casts chain lightning dealing Lightning Damage.)||Lancez un javelot d'orage vers la cible qui projette des éclairs en chaîne infligeant des dégâts de foudre.
talent_desc_relicMaryosPipe|Cast to teleport a short distance to target location.||Conjure para teletransportar em uma curta distância até o local-alvo.|Используйте заклинание для телепортации на короткое расстояние к месту назначения.|||짧은 거리로 순간이동합니다. (Cast to teleport a short distance to target location.)||Lancez pour vous téléporter sur une courte distance jusqu'à l'endroit ciblé.
talent_desc_relicRottenApple|Cast to quickly poison all targets around you dealing Poison Damage.||Conjure para envenenar rapidamente todos os alvos em volta de você, causando Dano de Veneno.|Применяйте заклинание, чтобы быстро отравить все цели вокруг вас, нанося урон ядом.|||주변 모든 대상에게 독 데미지를 주는 독 공격을 빠르게 시전합니다. (Cast to quickly poison all targets around you dealing Poison Damage.)||Lancez pour empoisonner rapidement toutes les cibles autour de vous en leur infligeant des dégâts de poison.
talent_desc_relicDeliciousPie|Cast to summon a pie on the ground that explodes after some time dealing Damage.||Conjure para convocar uma torta no chão que explode após um tempo, causando Dano.|Бросьте вызов пирогу на земле, который через некоторое время взрывается, нанося урон.|||일정 시간이 지나면 폭발하여 피해를 주는 파이를 소환합니다. (Cast to summon a pie on the ground that explodes after some time dealing Damage.)||Lancer pour invoquer une tarte sur le sol qui explose au bout d'un certain temps en infligeant des dégâts.
talent_desc_relicWizardsHat|Cast to instantly restore some Mana.||Conjure para recuperar um pouco de Mana instantaneamente.|Примените заклинание, чтобы мгновенно восстановить часть маны.|||즉시 마나를 회복합니다. (Cast to instantly restore some Mana.)||Lancez pour restaurer instantanément un peu de mana.
talent_desc_relicLootarang|I argue that this talent does not exist.||I argue that this talent does not exist.|Я утверждаю, что такого таланта не существует.|||||Je suis certain que ce talent n'existe pas.
talent_desc_relicPropHunt|I argue that this talent does not exist.||I argue that this talent does not exist.|Я утверждаю, что такого таланта не существует.|||||Je suis certain que ce talent n'existe pas.
talent_desc_relicDogeRocket|Cast on target location to summon a Doge rocket that flies off and collides with the moon which causes moon fragments to rain back down dealing Damage. Much Wow.||Conjure no local-alvo para convocar um Foguete de Doge que decola e colide com a lua, fazendo com que chovam fragmentos da lua, causando Dano. Muito uau.|"Примените заклинание в целевом местоположении, чтобы вызвать ракету ""Дож"", которая улетает и сталкивается с Луной, из-за чего осколки луны дождем падают обратно, нанося урон. Ничего себе."|||타겟 위치에 시전하여 도지 로켓을 소환합니다. 로켓은 날아가 달과 충돌하여 달 조각이 떨어지면서 피해를 줍니다. 매우 놀라운! (Cast on target location to summon a Doge rocket that flies off and collides with the moon which causes moon fragments to rain back down dealing Damage. Much Wow.)||Lancez à l'endroit ciblé pour invoquer une fusée Doggo qui s'envole et entre en collision avec la lune, ce qui provoque une pluie de fragments de lune infligeant des dégâts. Encore plus de Waouh.
talent_desc_relicHalloweenBasket|Cast to summon a candy basket on target location that explodes after some time launching candy in air that deal Damage.||Conjure para convocar uma cesta de doces no local-alvo que explode após um tempo, arremessando doces no ar causando Dano.|Применяйте заклинание для вызова корзины со сладостями на заданном месте, которая через некоторое время взрывается, подбрасывая в воздух конфеты, наносящие урон.|||지정한 위치에 사탕 바구니를 소환하여 일정 시간 후 폭발하며 사탕을 공중에 날려 피해를 입힙니다. (Cast to summon a candy basket on target location that explodes after some time launching candy in air that deal Damage.)||Lancez pour invoquer un panier de bonbons à l'endroit ciblé qui explose après un certain temps en lançant des bonbons en l'air qui infligent des dégâts.
talent_desc_relicSnowBall|Cast to throw a snowball in target direction dealing Cold Damage.||Conjure para arremessar uma bola de neve na direção-alvo, causando Dano de Gelo.|Бросок, чтобы бросить снежок в направлении цели, наносящий урон холодом.|||눈덩이를 던져 목표 방향으로 냉기 피해를 입힙니다. (Cast to throw a snowball in target direction dealing Cold Damage.)||Lancez une boule de neige dans la direction de la cible en infligeant des dégâts de froid.
talent_desc_relicThievesGlove|Cast to launch a glove towards the nearest target stealing their wallet.||Conjure para lançar uma luva em direção ao inimigo mais próximo, roubando sua carteira.|Бросьте перчатку в ближайшую цель, чтобы украсть ее кошелек.|||가장 가까운 대상에게 장갑을 던져 지갑을 훔칩니다. (Cast to launch a glove towards the nearest target stealing their wallet.)||Lance un gant vers la cible la plus proche pour lui voler son portefeuille.
talent_desc_relicShocker|Cast to launch an electric charge towards target location socking the enemy.||Conjure para lançar uma carga elétrica em direção ao local-alvo, eletrocutando o inimigo.|Бросок для запуска электрического заряда в направлении цели, поражающего противника.|||목표 지점으로 전기 충격을 발사하여 적을 공격합니다. (Cast to launch an electric charge towards target location socking the enemy.)||Lancer pour lancer une charge électrique en direction de l'endroit ciblé, ce qui a pour effet d'étourdir l'ennemi.
talent_desc_relicFlail|Cast to start spinning a flail dealing Damage to enemies hit.||Conjure para rodar um mangual, causando Dano a inimigos atingidos.|Бросьте, чтобы начать вращать цеп, нанося урон пораженным врагам.|||플레일을 휘둘러 맞은 적에게 피해를 줍니다. (Cast to start spinning a flail dealing Damage to enemies hit.)||Lancer pour faire tourner un fléau qui inflige des dégâts aux ennemis touchés.
talent_desc_relicSoulBox|Cast to drop a soul box on the ground for a short period.||Conjure para jogar uma caixa de almas no chão por um curto período de tempo.|Бросьте, чтобы на короткое время уронить шкатулку с душой на землю.|||짧은 시간 동안 영혼 상자를 땅에 떨어뜨립니다. (Cast to drop a soul box on the ground for a short period.)||Lancer pour laisser tomber une boîte d'âme sur le sol pendant une courte période.
talent_desc_relicChickenMask|Cast to equip a chicken mask on Death.||Conjure para equipar a máscara de galinha na Morte.|Разыгрывайте, чтобы надеть маску цыпленка на Смерть.|||죽음에게 닭 가면을 장착합니다. (Cast to equip a chicken mask on Death.)||Lancer pour équiper la Mort d'un masque de poulet.
talent_desc_relicCursedBook|Holds a curse against Anubis.. Use with caution.||Carrega uma maldição contra Anubis.. Use com cuidado.||||아누비스에게 저주를 겁니다.. 신중하게 사용하세요. (Holds a curse against Anubis.. Use with caution.)||
talent_desc_relicSucker|I argue that this talent does not exist.||I argue that this talent does not exist.|Я утверждаю, что такого таланта не существует.|||||Je suis certain que ce talent n'existe pas.
talent_desc_relicBombBoat|Cast to shoot a cannonball towards the ships on the coast.||Conjure para atirar uma bola de canhão em direção aos navios no litoral.|Бросьте, чтобы выстрелить пушечным ядром в сторону кораблей на побережье.|||해안의 배들을 향해 대포알을 발사합니다. (Cast to shoot a cannonball towards the ships on the coast.)||Lancer un boulet de canon vers les navires sur la côte.
talent_desc_relicFishNet|Cast to throw a net on the ground that catches fish.||Conjure para arremessar uma rede no chão que captura peixes.|Заброс для того, чтобы бросить на землю сеть, в которую ловится рыба.|||그물을 던져 물고기를 잡습니다. (Cast to throw a net on the ground that catches fish.)||Lancer un filet sur le sol qui attrape les poissons.
talent_desc_relicBookOfCommand|Shuts down any nearby portals..||Fecha todos os portais próximos.||||주변 포탈을 모두 닫습니다. (Shuts down any nearby portals..)||
talent_desc_relicSucker5000|Cast to suck in enemies.||Conjure para aspirar inimigos.|Разыгрывается для поглощения врагов.|||적을 빨아들이기 위해 시전하세요. (Cast to suck in enemies.)||Lancer pour aspirer les ennemis.
talent_desc_relicSucker5000b|Cast to suck in black holes.||Conjure para aspirar buracos negros.|Бросок, чтобы засасывать в черные дыры.|||블랙홀을 빨아들이기 위해 시전하세요. (Cast to suck in black holes.)||Lancer pour aspirer les trous noirs.
talent_desc_relicDevilHorn|Gain increased Life Replenish for a short period!||Ganhe Recuperação de Vida aumentada por um curto período!|Сатанинское Пополнение делает это|||잠시 동안 생명 회복이 증가합니다! (Gain increased Life Replenish for a short period!)||Provoque Réalimentation satanique
talent_desc_relicFrozenOrb|Perform a chilling AOE strike dealing extra damage and freezing enemies.||Executa um ataque em área arrepiante, causando dano extra e congelando os inimigos.||||적들에게 추가 피해를 입히고 얼리는 냉기 범위 공격을 수행하세요. (Perform a chilling AOE strike dealing extra damage and freezing enemies.)||
talent_desc_relicStormDagger|Perform a charged attack striking enemies with thunder bolts.||Execute um ataque carregado, atingindo os inimigos com raios.||||번개 공격으로 적을 타격하는 충전 공격을 수행합니다. (Perform a charged attack striking enemies with thunder bolts.)||
talent_desc_relicOdinsSword|Perform a fiery attack setting enemies on fire.||Execute um ataque ardente que incendeia os inimigos.||||적들에게 불을 붙이는 화염 공격을 수행하십시오. (Perform a fiery attack setting enemies on fire.)||
talent_desc_relicDevilSkull|||||||||
talent_desc_relicOgreClub|||||||||
talent_desc_relicBasiliksTooth|||||||||
talent_desc_relicFireAndIce|||||||||
talent_desc_relicDeathsScythe|||||||||
talent_desc_relicCactus|||||||||
talent_desc_relicAssassinsShuriken|||||||||
talent_desc_relicRazerHeadSet|||||||||
talent_desc_relicRazorLeaf|||||||||
talent_desc_relicTequila|||||||||
talent_desc_relicMightySushi|||||||||
talent_desc_relicRiceChopsticks|||||||||
talent_desc_relicDaPlayer|||||||||
talent_desc_relicWitchClaw|||||||||
talent_desc_relicShatteredKatana|||||||||
talent_desc_relicLargeBeer|||||||||
talent_desc_relicMagnet|||||||||
talent_desc_relicNecromancersFinger|||||||||
talent_desc_relicLightningBall|||||||||
talent_desc_relicEsEnergy|||||||||
talent_desc_relicSatansEye|||||||||
talent_desc_relicHolyGrail|||||||||
talent_desc_relicWinnersDrug|||||||||
talent_desc_relicLotteryTicket|||||||||
talent_desc_relicHandOfMidas|||||||||
talent_desc_relicAmazonsSpears|||||||||
talent_desc_relicManaDice|||||||||
talent_desc_relicZombiesFace|||||||||
talent_desc_relicMetalDetector|||||||||
talent_desc_relicPickledBrain|||||||||
talent_desc_relicDemonSheep|||||||||
talent_desc_relicSkullbat|||||||||
talent_desc_relicShredder|||||||||
talent_desc_relicFetus|||||||||
talent_desc_relicTheEye|||||||||
talent_desc_relicShrunkenHead|||||||||
talent_desc_relicAncientRock|||||||||
talent_desc_relicTemplarShield|||||||||
talent_desc_relicTheAllmightyFedora|||||||||
talent_desc_relicGuardianAngel|||||||||
talent_desc_relicWarZeppelin|||||||||
talent_desc_relicKarpHead|||||||||
talent_desc_relicMinisect|||||||||
talent_desc_relicHoneyBee|||||||||
talent_desc_relicStevesDirtyHead|||||||||
talent_desc_relicScytheOfBlood|||||||||
talent_desc_relicPulser|Send a wave of radiation that destroys nearby cloaking devices.||Envie uma onda de radiação que destrói dispositivos de camuflagem próximos.||||주변의 은폐 장치를 파괴하는 방사선 파동을 발사합니다. (Send a wave of radiation that destroys nearby cloaking devices.)||
