[Video]|[en]|[fi]|pt|ru|zh|ja|ko|de|fr
options_desc_fullscreen|Switch to Fullscreen or Windowed.||Muda para Tela Cheia ou Em Janela|Переключитесь в полноэкранный или оконный режим.|||전체 화면 또는 창 모드로 전환||Passer de plein écran à fenêtré (ou l'inverse).
options_desc_window_size|Size of the game window on Windowed.||Tamanho da Janela do Jogo no modo Em Janela|Размер окна в оконном режиме.|||창 모드에서 게임 창의 크기||Taille de la fenêtre de jeu en mode fenêtré.
options_desc_aspect_ratio|Aspect Ratio of the game.||Proporção da Imagem do Jogo|Соотношение сторон игры.|||||Rapport hauteur/largeur du jeu.
options_desc_vsync|Vertical sync synchronizes the refresh rate and frame rate of a monitor fixing screen tearing.||A sincronização vertical sincroniza a taxa de atualização e a taxa de quadros de um monitor, corrigindo o screen tearing.|Вертикальная синхронизация синхронизирует частоту обновления и частоту кадров монитора, устраняя разрывы экрана.|||수직 동기화는 화면 찢어짐을 방지하기 위해 모니터의 새로 고침 빈도와 프레임 속도를 동기화합니다.||La synchronisation verticale synchronise la fréquence de rafraîchissement et la fréquence d'images d'un moniteur, ce qui évite le déchirement de l'écran.
options_desc_framerate|Framerate determines how many frames per second your monitor draws improving the smoothness of the game. Additionally also due to game engine limitations this also determines how many times code is ran in the games step loop, this might cause slowdowns on lower end devices/hardware.||A taxa de quadros determina quantos quadros por segundo seu monitor desenha, melhorando a suavidade do jogo. Além disso, devido às limitações da engine de jogo, isso também determina quantas vezes o código é executado no loop de etapas do jogo, o que pode causar lentidão em dispositivos/hardware de baixo custo.|Частота кадров определяет, сколько кадров в секунду рисует ваш монитор, улучшая плавность игры. Кроме того, из-за ограничений игрового движка это также определяет, сколько раз код выполняется в цикле шагов игры, это может привести к замедлению работы на устройствах/оборудовании более низкого уровня.|||프레임 속도는 초당 모니터가 그리는 프레임 수를 결정하여 게임의 부드러움을 개선합니다. 또한 게임 엔진의 한계로 인해 코드가 게임의 스텝 루프에서 실행되는 횟수도 결정되며, 이는 저사양 장치/하드웨어에서 속도 저하를 일으킬 수 있습니다.||Le taux de rafraîchissement détermine le nombre d'images par seconde que votre moniteur affiche, ce qui améliore la fluidité du jeu. En outre, en raison des limitations du moteur de jeu, ce paramètre détermine également le nombre de fois que le code est exécuté dans la boucle d'étape du jeu, ce qui peut entraîner des ralentissements sur les appareils/matériels de bas de gamme.
options_desc_field_of_view|Field of View ingame. This determines how close or far the camera is zoomed to your player.||Campo de Visão no jogo. Isso determina o quão perto ou longe a câmera está do jogador.|Поле зрения в игре. Это определяет, насколько близко или далеко камера будет приближаться к вашему игроку.|||게임 내 시야. 카메라가 플레이어에게 얼마나 가까이 또는 멀리 확대되는지 결정합니다.||Champ de vision dans le jeu. Il détermine la distance à laquelle la caméra est zoomée sur votre joueur.
options_desc_outline|Enable/disable outline drawing.||Ativa/Desativa o desenho de contorno.|Включить/выключить контур обьектов.|||윤곽선 그리기 활성화/비활성화.||Activer/désactiver le tracé des contours.
options_desc_show_experience|Enable/disable experience numbers shown in main HUD.||Ativa/Desativa os números de experiência mostrada no HUD principal.|Включить/отключить количество опыта, отображаемое в главном HUD.|||주 화면 HUD에 표시되는 경험치 숫자를 활성화/비활성화합니다.||Activer/désactiver les points d'expérience affichés dans le HUD principal.
options_desc_show_fps|Enable/disable Frames Per Second shown in main HUD.||Ativa/Desativa a taxa de quadro por segundo no HUD principal.|Включить/отключить количество кадров в секунду, отображаемое в главном HUD.|||메인 HUD에서 초당 프레임 수 표시를 활성화/비활성화합니다.||Activer/désactiver l'affichage du compteur d'images par seconde dans le HUD principal.
options_desc_color_blind_mode|Enable/disable colorblindness correction filter.||Ativa/desativa o filtro de correção de daltonismo.||||색맹 교정 필터를 활성화/비활성화합니다.||
options_desc_font|Select an alternative text font.||||||대체 글꼴을 선택하세요.||
options_desc_cursor_size|Size of the ingame mouse cursor.||Tamanho do cursor in-game||||게임 내 마우스 커서 크기||
options_desc_default|Set binds back to default values.||Definir as vinculações de volta aos valores padrão.||||바인드를 기본값으로 되돌립니다.||
|||||||||
console|Console|Konsoli|Console|Консоль|||콘솔||Console
brightness|Brightness|Kirkkaus|Brilho|Яркость|||||Luminosité
contrast|Contrast|Kontrasti|Contraste|Контраст|||대조||Contraste
outlines|Outlines|Ääriviivat|Contorno|Контуры|||윤곽선||Contours
show_experience|Show Experience|Näytä kokemuspisteet|Mostrar Experiência|Показать опыт|||경험치 표시||Afficher l'expérience
show_fps|Show FPS|Näytä FPS|Mostrar FPS|Показать FPS|||FPS 표시||Afficher les FPS
combat_text_compress|Compress Combat Text|Lyhennä vahinkotekstit|Comprimir Texto de Combate|Сжать боевой текст|||전투 텍스트 압축||
mobile_hold_delay|Inventory Hold Delay||Atraso de Retenção de Inventário||||인벤토리 보유 지연||
player_projectile_opacity_self|Skill Opacity (Self)||Opacidade de Habilidades (própria)||||스킬 투명도 (자신)||
player_projectile_opacity_other|Skill Opacity (Party)||Opacidade de Habilidades (grupo)||||스킬 투명도 (파티)||
protanopia|Protanopia|Protanopia|Protanopia||||프로타노피아||
deuteranopia|Deuteranopia|Deuteranopia|Deuteranopia||||제2형 색맹||
tritanopia|Tritanopia|Tritanopia|Tritanopia||||트리타노피아||
cursor_size|Cursor Size|Kursorin koko|Tamanho do Cursor||||커서 크기||
use_all_flasks|Use All Unique Flasks||||||모든 고유 플라스크 사용||
options_font|Font||||||||
show_item_info|Show Item Information||||||아이템 정보 보기||
|||||||||
[Audio]|||||||||
options_desc_master_volume|The master volume of the game. All other volume sliders are relative to this one.||O volume mestre do jogo. Todos os outros sliders de volume são relativos a esse.|Основная громкость игры. Все остальные ползунки громкости расположены относительно этого.|||게임의 마스터 볼륨입니다. 다른 모든 볼륨 슬라이더는 이 볼륨에 상대적입니다.||Le volume principal du jeu. Tous les autres curseurs de volume sont basés sur celui-ci.
options_desc_music_volume|The volume of music in the game.||O volume da música do jogo.|Громкость музыки в игре.|||게임 내 음악 볼륨.||Le volume de la musique dans le jeu.
options_desc_ambient_volume|The volume of all ambient sounds of the game like wind and rain etc.||O volume dos sons de ambeinte do jogo como vento e chuva etc.|Громкость всех окружающих звуков игры, таких как ветер, дождь и т. д.|||게임의 모든 환경 소리(바람, 비 등)의 볼륨||Le volume de tous les sons ambiants du jeu, comme le vent, la pluie, etc.
options_desc_sound_volume|The volume of all sound effects.||O volume de todos os efeitos sonoros.|Громкость всех звуковых эффектов.|||모든 사운드 효과의 볼륨.||Le volume de tous les effets sonores.
options_desc_loot_volume|The volume of all loot drops.||O volume de todos os drops de loot.|Громкость звука вападения предметов.|||모든 전리품 드롭의 볼륨.||Le volume de tous sons de butins.
options_desc_hero_voice_volume|The volume of hero voice lines.||O volume das falas dos heróis.|Громкость голоса героя.|||영웅 음성 대사의 볼륨.||Le volume des voix des héros.
|||||||||
[Gameplay]|||||||||
[Visual]|||||||||
health_bar_scale|Health Bar Scale||||||체력 바 규모||
show_enemy_hitbox|Show Enemy Attack Hitboxes||Mostrar Hitboxes de Ataques do Inimigo||||적 공격 히트박스 표시||
center_dps_meter|Center DPS counter||Centralizar contador de DPS||||중앙 DPS 카운터||
center_boss_cooldowns|Center Boss Cooldowns||Centralizar Tempos de Recarga de Chefes||||중앙 보스 재사용 대기시간||
minimap_show_environment|Show Minimap Environment||Mostrar Ambiente no Minimapa||||미니맵 환경 표시||
minimap_turboperformance|Minimap Turbo Performance||Performance Turbo do Minimapa||||미니맵 터보 성능||
show_enemy_affix|Show Monster Affixes||||||몬스터 속성 표시||
options_desc_show_player_name|Enable/disable showing the name of all players.||Ativa/Desativa mostrar o nome de todos os jogadores.|Включить/выключить отображение имен игроков.|||모든 플레이어의 이름 표시를 활성화/비활성화합니다.||Activer/désactiver l'affichage du nom des joueurs.
options_desc_show_player_health|Enable/disable showing the life and mana bars of all players.||Ativa/Desativa mostrar a barra de vida e mana de todos os jogadores.|Включить/отключить отображение полосок жизни и маны игроков.|||모든 플레이어의 생명과 마나 바 표시를 활성화/비활성화합니다.||Activer/désactiver l'affichage des barres de vie et de mana des joueurs.
options_desc_show_loot_names|Enable/disable showing the names of all loot on the ground.||Ativa/Desativa mostrar os nomes de todos os saques no chão.|Включить/отключить отображение названий всей добычи на земле.|||바닥에 있는 모든 전리품의 이름을 표시/숨기기||Activer/désactiver l'affichage des noms des butins sur le sol.
options_desc_show_enemy_life|Enable/disable showing the life bar for enemies.||Ativa/Desativa mostrar a barra de vida dos inimigos.|Включить/выключить показ шкалы жизни врагов.|||적의 생명 막대를 표시/숨기기||Activer/désactiver l'affichage de la barre de vie des ennemis.
options_desc_show_enemy_hitbox|Enable/disable showing enemy attack hitboxes||Ativa/Desativa mostrar a hitbox de ataques inimigos.||||적 공격 히트박스 표시 활성화/비활성화||
options_desc_show_dps|Enable/disable the DPS counter tracking your damage dealt per second.||Ativa/Desativa o contador de DPS monitorando o seu dano causado por segundo.|Включите/отключите счетчик УВС отслеживающий наносимый вами урон в секунду.|||DPS 카운터를 활성화/비활성화하여 초당 가한 피해를 추적합니다.||Activer/désactiver le compteur de DPS pour suivre les dégâts infligés par seconde.
options_desc_show_boss_skill_cooldowns|Enable/disable cooldown counters for boss skills.||Ativa/Desativa o contador de tempo de recarga dos chefes.|Включить/отключить счетчики перезарядки навыков босса.|||보스 스킬의 쿨다운 카운터를 활성화/비활성화합니다.||Activer/désactiver les compteurs de temps de recharge pour les compétences de boss.
options_desc_center_dps|Center the DPS counter position.||Ativa/Desativa o contador de DPS monitorando o seu dano causado por segundo.|Включите/отключите счетчик УВС отслеживающий наносимый вами урон в секунду.|||DPS 카운터 위치를 중앙에 맞추세요.||Activer/désactiver le compteur de DPS pour suivre les dégâts infligés par seconde.
options_desc_center_boss_skill_cooldowns|Center boss cooldown counter position.||Ativa/Desativa o contador de tempo de recarga dos chefes.|Включить/отключить счетчики перезарядки навыков босса.|||보스 쿨다운 카운터 위치를 중앙에 설정합니다.||Activer/désactiver les compteurs de temps de recharge pour les compétences de boss.
options_desc_show_combat_text|Enable/disable floating combat text when taking or dealing damage.||Ativa/Desativa texto de combate flutuante quando causa ou recebe dano.|Включить/отключить плавающий боевой текст при получении или нанесении урона.|||피해를 입거나 입힐 때 떠다니는 전투 텍스트를 활성화/비활성화합니다.||Activer/désactiver le texte de combat flottant lorsque vous subissez ou infligez des dégâts.
options_desc_show_experience_gain|Enable/disable floating text for experience gain when killing enemies.||Ativa/Desativa texto flutuante do ganho de experiência quando elimina montros.|Включить/отключить плавающий текст для получения опыта при убийстве врагов.|||적을 처치할 때 경험치 획득을 위한 떠다니는 텍스트 활성화/비활성화.||Activer/désactiver le texte flottant pour le gain d'expérience lorsque vous tuez des ennemis.
options_desc_player_projectile_opacity_self|The opacity of your own skills and effects.||A opacidade de suas próprias habilidades e efeitos.||||자신의 스킬과 효과의 불투명도.||
options_desc_player_projectile_opacity_other|The opacity of party member skills and effects.||A opacidade das habilidades e dos efeitos dos membros do grupo.||||파티 멤버의 스킬 및 효과의 불투명도.||
options_desc_minimap_show_environment|Show or Hide Environment objects such as trees and buildings in the minimap||Mostrar ou Ocultar objetos do ambiente, como árvores e construções, no minimapa||||미니맵에서 나무와 건물 같은 환경 객체를 표시하거나 숨기기||
options_desc_minimap_turboperformance|Turboperformance for minimap. Increases FPS but lowers map updating frequency||Desempenho turbo do minimapa. Aumenta o FPS, mas reduz a frequência de atualização do mapa||||미니맵의 터보 성능. FPS를 증가시키지만 맵 업데이트 빈도를 낮춥니다||
options_desc_health_bar_scale|Change the size of your health bar.||||||체력 바의 크기를 변경하세요.||
options_desc_cross_platform|Enable/disable the ability to see and join game sessions hosted by users outside of the PlayStation Network. When enabled, players on other platforms can participate in your game sessions as well.||||||PlayStation Network 외부 사용자들이 호스팅하는 게임 세션을 보고 참여할 수 있는 기능을 활성화/비활성화합니다. 활성화되면 다른 플랫폼의 플레이어들도 당신의 게임 세션에 참여할 수 있습니다.||
options_desc_use_all_flasks|Enable/Disable using all available unique flasks at the same time by using any one of them. This does not apply for common flasks.||||||모든 고유 물약을 동시에 사용하도록 설정/해제합니다. 일반 물약에는 적용되지 않습니다.||
options_desc_show_item_info|Always show the stat ranges and other information on items when hovering them.||||||항상 아이템을 가리킬 때 통계 범위 및 기타 정보를 표시합니다.||
options_desc_show_enemy_affix|Always show monster affixes.||||||항상 몬스터 접두사를 표시합니다.||
|||||||||
[Minimap]|||||||||
minimap_object_icon_size|Minimap Object Size||Tamanho de Objetos no Minimapa||||미니맵 오브젝트 크기||
minimap_enemy_icon_size|Minimap Player/Enemy Size||Tamanho de Jogador/Inimigo no Minimapa||||미니맵 플레이어/적 크기||
minimap_loot_icon_size|Minimap Loot Size||Tamanho de Loot no Minimapa||||미니맵 전리품 크기||
options_desc_minimap_object_icon_size|The size of objects like portals, NPC, mining nodes etc. in the minimap.||O tamanho de objetos como portais, NPC, minérios etc. No minimapa||||미니맵에 표시되는 포탈, NPC, 채광 지점 등의 객체 크기.||
options_desc_minimap_enemy_icon_size|The size of Player and Enemies in the minimap.||O tamanho do Jogador e Inimigos no minimapa.||||미니맵에서 플레이어와 적의 크기.||
options_desc_minimap_loot_icon_size|The size of Loot in the minimap.||O tamanho de Loot no minimapa.||||미니맵에 표시되는 전리품의 크기||
options_desc_minimap_color|The color blend for the minimap.||A combinação de cores do minimapa.|Цвет мини-карты.|||미니맵 색상 조합.||Le nuancier de couleurs de la mini-carte.
options_desc_minimap_scale|The scale of your minimap.||A escala do seu minimapa.|Размер миникарты.|||미니맵의 크기.||La taille de votre mini-carte.
options_desc_minimap_opacity|The opacity of your minimap.||A opacidade do seu minimapa.|Прозрачность мини-карты.|||미니맵의 불투명도.||L'opacité de votre mini-carte.
|||||||||
[Online Chat]|||||||||
options_desc_general_chat|Enable/disable the General chat in the chat lobby as well as ingame.||Ativa/Desativa o chat Geral tanto no lobby quanto em jogo.|Включите/отключите общий чат в лобби чата, а также в игре.|||로비와 게임 내에서 일반 채팅을 활성화/비활성화합니다.||Activer/désactiver le chat général dans le lobby et dans le jeu.
options_desc_ingame_chat_notifications|Enable/disable notifications in the Ingame chat.||Ativa/Desativa notificações no chat de jogo.|Включить/отключить уведомления во внутриигровом чате.|||인게임 채팅에서 알림을 활성화/비활성화합니다.||Activer/désactiver les notifications dans le chat en jeu.
options_desc_general_chat_notifications|Enable/disable notifications in the General chat.||Ativa/Desativa notificações no chat geral.|Включить/отключить уведомления в общем чате.|||일반 채팅에서 알림을 활성화/비활성화합니다.||Activer/désactiver les notifications dans le chat général.
options_desc_trade_chat_notifications|Enable/disable notifications in the Trade chat.||Ativa/Desativa notificações no chat de trocas.|Включить/отключить уведомления в торговом чате.|||거래 채팅에서 알림을 활성화/비활성화합니다.||Activer/désactiver les notifications dans le chat commerce.
options_desc_guild_chat_notifications|Enable/disable notifications in the Guild chat.||Ativa/Desativa notificações no chat da Guilda.|Включить/отключить уведомления в чате Гильдии.|||길드 채팅에서 알림을 활성화/비활성화합니다.||Activer/désactiver les notifications dans le chat de guilde.
options_desc_ingame_chat_fading|Enable/disable Ingame chat fading. This causes the chat window to fade away after a period of time. if disabled the chat will always show.||Ativa/Desativa desaparecimento do chat em jogo. Isso faz com que a aba do chat desapareça após um período de tempo. Se desativado, o chat sempre vai ficar à mostra.|Включить/отключить затухание внутриигрового чата. Это приводит к исчезновению окна чата через некоторое время. если отключено, чат будет отображаться всегда.|||인게임 채팅 페이딩 활성화/비활성화. 이 기능을 사용하면 일정 시간이 지나면 채팅 창이 사라집니다. 비활성화하면 채팅이 항상 표시됩니다.||Activer/désactiver le fondu du chat en jeu. La fenêtre de chat disparaît au bout d'un certain temps. Si cette option est désactivée, la discussion reste toujours affichée.
options_desc_ingame_chat_fading_speed|How many seconds it takes before the chat starts to fade.||Quantos segundos leva até que o chat comece a desaparecer.|Сколько секунд пройдет, прежде чем чат начнет тускнеть.|||채팅이 사라지기 시작하기까지 걸리는 시간(초).||Nombre de secondes avant que la fenêtre de chat ne commence à s'effacer.
options_desc_ingame_chat_background_opacity|How visible the Ingame chats background box is.||O quão visível é o fundo da caixa de chat.|Насколько видно фоновое окно внутриигровых чатов.|||인게임 채팅 배경 상자의 가시성.||L'opacité de l'arrière-plan de la fenêtre de chat en jeu.
|||||||||
[Misc]|||||||||
options_desc_screen_shake|Enable/disable screen shaking from any source like abilities or cinematic events will be enabled/disabled.||Ativa/Desativa o tremor na tela de qualquer fonte como habilidades ou eventos cinemáticos.|Включение/отключение дрожания экрана из любого источника, например способностей или кинематографических событий, будет включено/отключено.|||능력이나 시네마틱 이벤트 등으로 인한 화면 흔들림을 활성화/비활성화합니다.||Activer/désactiver les tremblements d'écran provenant de n'importe quelle source, comme les compétences ou les événements cinématiques seront activés ou non.
options_desc_vibration|Enable/disable Gamepad vibration when for example taking damage.||Ativa/Desativa a vibração do gamepad quando por exemplo toma dano.|Включить/отключить вибрацию геймпада, например, при получении урона.|||피해를 입었을 때와 같은 상황에서 게임패드 진동을 켜기/끄기||Activer/désactiver la vibration de la manette lorsque, par exemple, vous subissez des dégâts.
options_desc_object_outline_color|The color of outline for enemies and other objects behind structures.||A cor do contorno de inimigos e outros objetos atrás de estruturas.|Цвет контура врагов и других объектов за постройками.|||구조물 뒤에 있는 적 및 기타 객체의 윤곽선 색상.||La couleur du contour des ennemis et autres objets derrière les structures.
|||||||||
[Controls]|||||||||
[Keyboard]|||||||||
options_kb_use_potion_1|Key bind for using a potion in slot 1||Keybind para usar uma poção no slot 1|Привязка клавиш для использования зелья в слоте 1|||1번 슬롯의 포션 사용 키 설정||Raccourci clavier pour boire la potion stockée dans le 1er emplacement.
options_kb_use_potion_2|Key bind for using a potion in slot 2||Keybind para usar uma poção no slot 2|Привязка клавиш для использования зелья в слоте 2|||2번 슬롯에서 포션 사용 키 바인드||Raccourci clavier pour boire la potion stockée dans le 2ème emplacement.
options_kb_use_potion_3|Key bind for using a potion in slot 3||Keybind para usar uma poção no slot 3|Привязка клавиш для использования зелья в слоте 3|||3번 슬롯에서 포션 사용 키 바인드||Raccourci clavier pour boire la potion stockée dans le 3ème emplacement.
options_kb_use_potion_4|Key bind for using a potion in slot 4||Keybind para usar uma poção no slot 4|Привязка клавиш для использования зелья в слоте 4|||4번 슬롯에 있는 포션 사용 키 바인드||Raccourci clavier pour boire la potion stockée dans le 4ème emplacement.
|||||||||
options_kb_use_skill_1|Key bind for using skill 1 if assigned.||Keybind para usar a skill 1 se atribuído.|Привязка клавиш для использования навыка 1, если он назначен.|||스킬 1을 사용하기 위한 키 바인드 (지정된 경우).||Raccourci clavier pour l'utilisation de la 1ère compétence si elle est attribuée.
options_kb_use_skill_2|Key bind for using skill 2 if assigned.||Keybind para usar a skill 2 se atribuído.|Привязка клавиш для использования навыка 2, если он назначен.|||스킬 2 사용 키 바인딩 (지정된 경우).||Raccourci clavier pour l'utilisation de la 2ème compétence si elle est attribuée.
options_kb_use_skill_3|Key bind for using skill 3 if assigned.||Keybind para usar a skill 3 se atribuído.|Привязка клавиш для использования навыка 3, если он назначен.|||스킬 3을(를) 사용하기 위한 키 바인드 (지정된 경우).||Raccourci clavier pour l'utilisation de la 3ème compétence si elle est attribuée.
options_kb_use_skill_4|Key bind for using skill 4 if assigned.||Keybind para usar a skill 4 se atribuído.|Привязка клавиш для использования навыка 4, если он назначен.|||스킬 4를 사용하기 위한 키 바인딩 (지정된 경우).||Raccourci clavier pour l'utilisation de la 4ème compétence si elle est attribuée.
options_kb_use_skill_5|Key bind for using skill 5 if assigned.||Keybind para usar a skill 5 se atribuído.|Привязка клавиш для использования навыка 5, если он назначен.|||스킬 5 사용을 위한 키 바인드 (지정된 경우).||Raccourci clavier pour l'utilisation de la 5ème compétence si elle est attribuée.
options_kb_use_skill_6|Key bind for using skill 6 if assigned.||Keybind para usar a skill 6 se atribuído.|Привязка клавиш для использования навыка 6, если он назначен.|||스킬 6을 사용하기 위한 키 바인드 (지정된 경우).||Raccourci clavier pour l'utilisation de la 6ème compétence si elle est attribuée.
options_kb_use_skill_7|Key bind for using skill 7 if assigned.||Keybind para usar a skill 7 se atribuído.|Привязка клавиш для использования навыка 7, если он назначен.|||스킬 7을(를) 사용하기 위한 키 바인드 (지정된 경우).||Raccourci clavier pour l'utilisation de la 7ème compétence si elle est attribuée.
options_kb_use_skill_8|Key bind for using skill 8 if assigned.||Keybind para usar a skill 8 se atribuído.|Привязка клавиш для использования навыка 8, если он назначен.|||스킬 8을(를) 사용하기 위한 키 바인딩 (할당된 경우).||Raccourci clavier pour l'utilisation de la 8ème compétence si elle est attribuée.
options_kb_use_skill_9|Key bind for using skill 9 if assigned.||Keybind para usar a skill 9 se atribuído.|Привязка клавиш для использования навыка 9, если он назначен.|||스킬 9 사용 키 바인드 (지정된 경우).||
options_kb_use_skill_10|Key bind for using skill 10 if assigned.||Keybind para usar a skill 10 se atribuído.|Привязка клавиш для использования навыка 10, если он назначен.|||스킬 10을 사용하기 위한 키 바인드 (할당된 경우).||
options_kb_use_skill_11|Key bind for using skill 11 if assigned.||Keybind para usar a skill 11 se atribuído.|Привязка клавиш для использования навыка 11, если он назначен.|||스킬 11을 사용하기 위한 키 바인딩 (지정된 경우).||
options_kb_use_skill_12|Key bind for using skill 12 if assigned.||Keybind para usar a skill 12 se atribuído.|Привязка клавиш для использования навыка 12, если он назначен.|||스킬 12를 사용할 키 바인드 (지정된 경우).||
|||||||||
|||||||||
|||||||||
|||||||||
|||||||||
options_kb_move_up|Key bind for moving up.||Keybind para mover para cima.|Привязка клавиш для перемещения вверх.|||위로 이동 키 바인딩.||Raccourci clavier pour le déplacement vers le haut.
options_kb_move_left|Key bind for moving left.||Keybind para mover para esquerda.|Привязка клавиш для перемещения влево.|||왼쪽으로 이동 키 설정.||Raccourci clavier pour se déplacer vers la gauche.
options_kb_move_right|Key bind for moving right.||Keybind para mover para direita.|Привязка клавиш для движения вправо.|||오른쪽으로 이동하기 위한 키 바인드.||Raccourci clavier pour se déplacer vers la droite.
options_kb_move_down|Key bind for moving down.||Keybind para mover para baixo.|Привязка клавиш для движения вниз.|||이동 키 설정: 아래로||Raccourci clavier pour le déplacement vers le bas
|||||||||
options_kb_toggle_minimap|Key bind for toggling Minimap.||Keybind para habilitar o minimapa.|Привязка клавиш для переключения миникарты.|||미니맵 전환 키 바인드.||Raccourci clavier pour alterner la mini-carte.
options_kb_show_map|Key bind for showing the minimap in the middle of your screen.||Keybind para mostrar o minimapa no meio da sua tela.|Привязка клавиш для отображения мини-карты в центре экрана.|||화면 중앙에 미니맵을 표시하는 키 바인드.||Raccourci clavier pour afficher la mini-carte au milieu de l'écran.
options_kb_playerlist|Key bind for opening the playerlist.||Keybind para mostrar a lista de jogadores.|Привязка клавиш для открытия списка игроков.|||플레이어 목록을 여는 키 바인드.||Raccourci clavier pour ouvrir la liste des joueurs.
options_kb_show_loot_names|Key bind for showing loot names on ground.||Keybind para mostrar o nome de loot no chão.|Привязка клавиш для отображения названий добычи на земле.|||지상에 있는 전리품 이름 표시 키 바인딩.||Raccourci clavier pour afficher les noms des butins sur le sol.
options_kb_weapon_swap|Key bind for swapping weapon / shield slot.||Keybind para trocar o slot de arma/escudo|Привязка клавиш для смены слота оружия/щита.|||무기/방패 슬롯 교체 키 바인드.||Raccourci clavier pour changer de pré-équipement.
options_kb_emote_menu|Key bind for Emote menu.||Keybind para o menu de Emotes|Привязка клавиш для меню эмоций.|||이모트 메뉴의 키 바인드.||Raccourci clavier pour ouvrir le menu Emote.
options_kb_cast_town_portal|Key bind for casting Town Portal.||Keybind para conjurar o portal da cidade.|Привязка клавиш для использования Town Portal.|||마을 포탈을 시전하는 키 바인드.||Raccourci clavier pour lancer le portail de la ville.
options_kb_force_stop|Key bind for force stop. You can force stop movement and your left ability attack/cast.||Keybind para forçar parada. Você pode forçar parada e o ataque/habilidade da esquerda.|Привязка клавиш для принудительной остановки. Вы можете принудительно остановить движение и атаковать/применить левую способность.|||강제 정지 키 바인드. 움직임과 왼쪽 능력 공격/시전을 강제로 멈출 수 있습니다.||Raccourci clavier d'arrêt forcé. Vous pouvez forcer l'arrêt du mouvement et de votre capacité assignée au clic-gauche attaque/lancer.
options_kb_force_move|Key bind for force move. You can force movement ignoring your left ability from triggering.||Keybind para forçar movimento. Você pode forçar movimento ignorando a sua habilidade da esquerda de ativar.|Привязка клавиш для принудительного перемещения. Вы можете заставить движение двигаться, игнорируя срабатывание левой способности.|||이동 강제 키 바인드. 왼쪽 능력을 무시하고 이동을 강제할 수 있습니다.||Raccourci clavier pour forcer le mouvement. Vous pouvez forcer le mouvement en ignorant le déclenchement de votre capacité assignée au clic-gauche.
options_kb_pickup_use|Key bind for picking up loot and talking to NPC etc.||Keybind para pegar loot e falar com NPC etc.|Привязка клавиш для сбора добычи, разговора с NPC и т. д.|||전리품을 줍고 NPC와 대화하는 등의 키 바인딩||Raccourci clavier pour ramasser le butin et parler aux NPC, etc.
options_kb_jump|Key bind for Jumping.||Keybind para pular.|Привязка клавиш для прыжков.|||점프 키 바인딩.||Raccourci clavier pour sauter.
options_kb_inventory_mercenary|Key bind for opening mercenary inventory.||Keybind para abrir o inventário do mercenário.|Привязка клавиши для открытия инвентаря наемника.|||용병 인벤토리를 여는 키 바인드.||Raccourci clavier pour ouvrir l'inventaire du mercenaire.
|||||||||
options_kb_guild_tab|Key bind for opening guild menu.||Keybind para abrir o menu da guilda.|Привязка клавиш для открытия меню гильдии.|||길드 메뉴를 여는 키 바인드.||Raccourci clavier pour ouvrir le menu de guilde. 
options_kb_skill_menu|Key bind for opening skill menu.||Keybind para abrir o menu de habilidades.|Привязка клавиш для открытия меню навыков.|||스킬 메뉴 열기 키 바인드.||Raccourci clavier pour ouvrir le menu des compétences.
options_kb_inventory|Key bind for opening inventory.||Keybind para abrir o inventário|Привязка клавиш для открытия инвентаря.|||인벤토리 열기 키 설정||Raccourci clavier pour ouvrir l'inventaire.
options_kb_chat|Key bind for opening ingame chat.||Keybind para abrir o chat de dentro do jogo;||||게임 내 채팅 열기 키 바인딩||
options_kb_cutscene_skip|Key bind for skipping cutscenes.||Keybind para pular cutscenes.||||컷신 건너뛰기 키 바인드.||
options_disable_mouse_move|Disable Mouse Movement||Desabilita o movimento com o mouse.|Откл. движение мышью|||마우스 이동 비활성화||Désactiver le déplacement à la souris.
options_kb_ping|Key Bind for pinging on map||Keybind para pingar no mapa||||지도에서 핑을 찍기 위한 키 바인드||
|||||||||
[Gamepad]|||||||||
options_gp_use_potion_1|Button for using a potion in slot 1||Botão para usar a poção no slot 1|Кнопка использования зелья в слоте 1|||1번 슬롯의 포션 사용 버튼||Touche pour boire la potion stockée dans le 1er emplacement.
options_gp_use_potion_2|Button for using a potion in slot 2||Botão para usar a poção no slot 2|Кнопка использования зелья в слоте 2|||2번 슬롯에서 물약 사용 버튼||Touche pour boire la potion stockée dans le 2ème emplacement.
options_gp_use_potion_3|Button for using a potion in slot 3||Botão para usar a poção no slot 3|Кнопка использования зелья в слоте 3|||3번 슬롯에서 포션 사용 버튼||Touche pour boire la potion stockée dans le 3ème emplacement.
options_gp_use_potion_4|Button for using a potion in slot 4||Botão para usar a poção no slot 4|Кнопка использования зелья в слоте 4|||4번 슬롯에서 포션 사용 버튼||Touche pour boire la potion stockée dans le 4ème emplacement.
|||||||||
options_gp_use_skill_1|Button for using skill 1 if assigned.||Botão para usar a skill 1 se atribuída.|Кнопка использования навыка 1, если она назначена.|||스킬 1을 사용하려면 버튼을 누르세요 (할당된 경우).||Touche pour l'utilisation de la 1ère compétence si elle est attribuée.
options_gp_use_skill_2|Button for using skill 2 if assigned.||Botão para usar a skill 2 se atribuída.|Кнопка использования навыка 2, если она назначена.|||스킬 2를 사용하려면 버튼을 누르세요 (지정된 경우).||Touche pour l'utilisation de la 2ème compétence si elle est attribuée.
options_gp_use_skill_3|Button for using skill 3 if assigned.||Botão para usar a skill 3 se atribuída.|Кнопка использования навыка 3, если она назначена.|||스킬 3을(를) 사용할 버튼 (할당된 경우).||Touche pour l'utilisation de la 3ème compétence si elle est attribuée.
options_gp_use_skill_4|Button for using skill 4 if assigned.||Botão para usar a skill 4 se atribuída.|Кнопка использования навыка 4, если назначена.|||스킬 4를 사용하려면 버튼을 누르세요 (할당된 경우).||Touche pour l'utilisation de la 4ème compétence si elle est attribuée.
options_gp_use_skill_5|Button for using skill 5 if assigned.||Botão para usar a skill 5 se atribuída.|Кнопка использования навыка 5, если она назначена.|||스킬 5를 사용하려면 버튼을 누르세요 (할당된 경우).||Touche pour l'utilisation de la 5ème compétence si elle est attribuée.
options_gp_use_skill_6|Button for using skill 6 if assigned.||Botão para usar a skill 6 se atribuída.|Кнопка использования навыка 6, если она назначена.|||스킬 6을(를) 사용할 버튼 (할당된 경우).||Touche pour l'utilisation de la 6ème compétence si elle est attribuée.
options_gp_use_skill_7|Button for using skill 7 if assigned.||Botão para usar a skill 7 se atribuída.|Кнопка использования навыка 7, если она назначена.|||스킬 7을(를) 사용하려면 버튼을 누르세요 (지정된 경우).||Touche pour l'utilisation de la 7ème compétence si elle est attribuée.
options_gp_use_skill_8|Button for using skill 8 if assigned.||Botão para usar a skill 8 se atribuída.|Кнопка использования навыка 8, если она назначена.|||스킬 8이 할당된 경우 사용하는 버튼.||Touche pour l'utilisation de la 8ème compétence si elle est attribuée.
options_gp_use_skill_9|Button for using skill 9 if assigned.||Botão para usar a skill 9 se atribuída.|Кнопка использования навыка 9, если она назначена.|||스킬 9이 할당된 경우 사용할 버튼.||
options_gp_use_skill_10|Button for using skill 10 if assigned.||Botão para usar a skill 10 se atribuída.|Кнопка использования навыка 10, если она назначена.|||스킬 10이 할당된 경우 사용하는 버튼.||
options_gp_use_skill_11|Button for using skill 11 if assigned.||Botão para usar a skill 11 se atribuída.|Кнопка использования навыка 11, если она назначена.|||스킬 11을 사용하기 위한 버튼 (할당된 경우).||
options_gp_use_skill_12|Button for using skill 12 if assigned.||Botão para usar a skill 12 se atribuída.|Кнопка использования навыка 12, если она назначена.|||스킬 12를 사용하기 위한 버튼 (할당된 경우).||
options_gp_ping|Button for pinging on map||Botão para pingar no mapa||||지도에 핑을 찍는 버튼||
|||||||||
options_gp_toggle_minimap|Button for toggling Minimap.||Botão para ativar o Minimapa.|Кнопка переключения миникарты.|||미니맵 전환 버튼.||Touche pour alterner la mini-carte.
options_gp_playerlist|Button for opening the playerlist.||Botão para abrir a lista de jogadores.|Кнопка открытия списка игроков.|||플레이어 목록을 여는 버튼.||Touche pour ouvrir la liste des joueurs.
options_gp_show_loot_names|Button for showing loot names on ground.||Botão para mostrar o nome de loot no chão.|Кнопка для отображения названий добычи на земле.|||바닥에 있는 전리품 이름을 표시하는 버튼.||Touche pour afficher les noms des butins sur le sol.
options_gp_weapon_swap|Button for swapping weapon / shield slot.||Botão para trocar o slot de arma/escudo|Кнопка смены слота оружия/щита.|||무기/방패 슬롯 교체 버튼||Touche pour changer de pré-équipement.
options_gp_emote_menu|Button for Emote menu.||Botão para o menu de Emotes|Кнопка меню эмоций.|||이모트 메뉴 버튼.||Touche pour ouvrir le menu Emote.
options_gp_cast_town_portal|Button for casting Town Portal.||Botão para conjurar o portal da cidade.|Кнопка для использования Портал в город.|||마을 포탈 시전 버튼.||Touche pour lancer le portail de la ville.
options_gp_pickup_use|Button for picking up loot and talking to NPC etc.||Botão para pegar loot e falar com NPC etc.|Кнопка для сбора добычи, разговора с NPC и т. д.|||전리품을 줍고 NPC와 대화하는 버튼 등.||Touche pour ramasser le butin et parler aux NPC, etc.
options_gp_jump|Button for Jumping.||Botão para pular.|Кнопка для прыжков.|||점프 버튼||Touche pour sauter.
options_gp_inventory_mercenary|Button for opening mercenary inventory.||Botão para abrir o inventário do mercenário.|Кнопка открытия инвентаря наемника.|||용병 인벤토리 열기 버튼.||Touche pour ouvrir l’inventaire du mercenaire.
|||||||||
options_gp_guild_tab|Button for opening guild menu.||Botão para abrir o menu da guilda.|Кнопка открытия меню гильдии.|||길드 메뉴를 여는 버튼.||Touche pour ouvrir le menu de guilde. 
options_gp_skill_menu|Button for opening skill menu.||Botão para abrir o menu de habilidades.|Кнопка открытия меню навыков.|||스킬 메뉴 열기 버튼.||Touche pour ouvrir le menu des compétences.
options_gp_inventory|Button for opening inventory.||Botão para abrir o inventário.|Кнопка открытия инвентаря.|||인벤토리를 여는 버튼.||Touche pour ouvrir l'inventaire.
|||||||||
inv_loadout|Equip Swap|Varusteiden vaihto|Trocar Equipamentos|Смена экипировки|||장비 교체||Changement d'équipement
|||||||||
[Loot Filter Presets]|||||||||
loot_filter_preset_nightmare|Intended for playing through the campaign on Nightmare difficulty. At this point you will have several Superior+ items equipped,  and you are starting to look for cheap early game Runewords to craft. Low tier Common, Superior and Rare items are disabled as you are looking at upgrading to B+ items. ||Destinado para ser jogado durante a campanha na dificuldade Pesadelo. Neste ponto você terá diversos itens Superiores+ equipados, e você está começando a procurar por Runewords de começo de jogo baratas para criar. Itens Comuns, Superiores e Raros de baixo tier estão desativados já que você está procurando itens B+ para melhorar.|Предназначено для прохождения кампании на сложности Кошмар. На этом этапе у вас будет несколько предметов уровня Superior+ и вы начнете искать дешевые рунические слова для крафта ранней игры. Предметы низкого уровня (Common, Superior и Rare) отключены, так как вы стремитесь улучшить их до уровня B+.|适用于在梦魇难度下进行战役。此时你将装备多个高级+物品，并开始寻找便宜的早期符文之语来制作。低级普通、高级和稀有物品已禁用，因为你正在寻找升级到B+级别的物品。|ナイトメア難易度でキャンペーンをプレイするためのものです。この時点で、いくつかの上級+アイテムを装備しており、安価な初期のルーンワードを作成し始めています。低レベルのコモン、上級、およびレアアイテムは無効になっており、B+アイテムにアップグレードすることを検討しています。|악몽 난이도로 캠페인을 진행하기 위한겁니다. 이 시점에서 여러 개의 상급+ 아이템을 장착하고 있으며, 저렴한 초기 게임 룬어를 제작하기 시작합니다. 저등급 일반, 상급 및 희귀 아이템은 비활성화되며, B+ 아이템으로 업그레이드하는 것을 목표로 합니다.|Gedacht für das Spielen der Kampagne auf Alptraum-Schwierigkeit. Zu diesem Zeitpunkt hast du mehrere Superior+-Gegenstände ausgerüstet und beginnst, nach günstigen frühen Runenwörtern zu suchen. Niedrigstufige gewöhnliche, überlegene und seltene Gegenstände sind deaktiviert, da du auf B+-Gegenstände aufrüsten möchtest.|Destiné à jouer à la campagne en difficulté Cauchemar. À ce stade, vous aurez plusieurs objets Supérieur+ équipés et vous commencerez à chercher des mots runiques bon marché à fabriquer pour le début du jeu. Les objets de bas niveau Commun, Supérieur et Rare sont désactivés car vous cherchez à les améliorer en objets de niveau B+.
loot_filter_preset_hell_early|Intended for starting Hell 1-3, you just hit 100 and you are starting to farm maps. Low Tier non-Satanics are removed, and you are looking at good Runeword bases to craft sockets on.||Destinado para iniciar o Inferno 1-3, você acabou de chegar no 100 e está começando a limpar mapas. Não-satânicos de baixo tier são removidos, e você está procurando por boas bases de Runeword para criar.|Предназначено для начала Ада 1-3, вы только что достигли 100 уровня и начинаете фармить карты. Предметы низкого уровня без сатанической принадлежности удалены, и вы ищете хорошие базы для рунических слов для создания гнезд.|适用于地狱1-3开始，你刚刚达到100级，并开始刷地图。低级非撒旦物品已被移除，你正在寻找好的符文之语基底来制作插槽。|地獄1-3を開始するためのもので、100に達したばかりで地図のファームを始めています。低レベルの非サタニックアイテムは削除されており、良いルーンワードのベースを探してソケットを作成しています。|지옥 1-3을 시작하기 위한 것으로, 이제 막 100레벨에 도달하여 지도를 파밍하기 시작합니다. 저등급 비사탄 아이템은 제거되고, 소켓을 만들기 위한 좋은 룬어 베이스를 찾고 있습니다.|Gedacht für den Start in die Hölle 1-3, du hast gerade Stufe 100 erreicht und beginnst, Karten zu farmen. Niedrigstufige Nicht-Satanische Gegenstände werden entfernt und du suchst nach guten Runenwort-Basen, um Sockel herzustellen.|Destiné à commencer l'Enfer 1-3, vous venez d'atteindre le niveau 100 et commencez à farmer des cartes. Les objets de bas niveau non sataniques sont supprimés et vous cherchez de bonnes bases de mots runiques pour créer des emplacements.
loot_filter_preset_hell_midgame|Intended for Hell 3-5, you are climbing through the Incarnation Tree, and at this point will have fully equipped B+ tier Satanics or S tier Mythics. You are looking for very specific Runeword bases to craft on.||Destinado para o Inferno 3-5, você está subindo na Árvore da Incarnação, e neste ponto vai estar completamente equipado com satânicos de tier B+ ou Míticos de tier S. Você está procurando por bases de Runeword bem específicas para criar.|Предназначено для Ада 3-5, вы поднимаетесь по Древу Воплощений, и на этом этапе у вас будут полностью экипированы сатанические предметы уровня B+ или мифические предметы уровня S. Вы ищете очень специфические базы для создания рунических слов.|适用于地狱3-5，你正在攀登化身之树，此时你将装备满B+级别的撒旦物品或S级别的神话物品。你正在寻找非常特定的符文之语基底来制作。|地獄3-5を目指すためのもので、インカーネーションツリーを登っており、この時点でB+ランクのサタニックアイテムまたはSランクのミシックアイテムを完全に装備しています。非常に特定のルーンワードのベースを探して作成しています。|지옥 3-5를 위한 것으로, 화신 트리를 올라가고 있으며, 이 시점에서 B+ 등급의 사탄 아이템 또는 S 등급의 신화 아이템을 완전히 장착하게 됩니다. 매우 특정한 룬어 베이스를 찾아 제작합니다.|Gedacht für die Hölle 3-5, du kletterst durch den Inkarnationbaum und hast zu diesem Zeitpunkt vollständig mit B+-Satanischen oder S-Mythischen Gegenständen ausgestattet. Du suchst nach sehr spezifischen Runenwort-Basen, um sie herzustellen.|Destiné à l'Enfer 3-5, vous grimpez dans l'Arbre de l'Incarnation et à ce stade, vous aurez entièrement équipé des objets sataniques de niveau B+ ou mythiques de niveau S. Vous cherchez des bases de mots runiques très spécifiques à fabriquer.
loot_filter_preset_hell_endgame|Intended for Hell 5+ speedfarming. At this point you are only looking for the very best Runeword bases, you also only care about A+ Satanics. You will have full charm slots, and are looking for very specific S tier charms.||Destinado para limpeza rápida do Inferno 5+. Neste ponto, você está procurando apenas pelas melhores bases de Runeword, e você também só liga pra Satânicos de tier A+. Você vai ter todos os espaços de talismã, e está procurando por talismãs de tier S específicos.|Предназначено для спидфарма Ада 5+. На этом этапе вы ищете только лучшие базы для рунических слов, также вас интересуют только сатанические предметы уровня A+. У вас будут заполнены все слоты для чар, и вы ищете очень специфические чары уровня S.|适用于地狱5+的快速刷怪。在这个阶段，你只寻找最好的符文之语基底，你也只关心A+级别的撒旦物品。你将填满所有护符槽，并寻找非常特定的S级别护符。|地獄5+のスピードファーミングを目的としています。この時点で、最良のルーンワードのベースのみを探しており、A+ランクのサタニックアイテムのみを気にしています。チャームスロットを完全に埋めており、非常に特定のSランクのチャームを探しています。|지옥 5+ 스피드 파밍을 위한 것입니다. 이 시점에서 최고의 룬어 베이스만을 찾고 있으며, A+ 등급의 사탄 아이템에만 관심이 있습니다. 모든 매력 슬롯을 채우고, 매우 특정한 S 등급 매력을 찾고 있습니다. |Gedacht für schnelles Farmen in der Hölle 5+. Zu diesem Zeitpunkt suchst du nur nach den besten Runenwort-Basen und interessierst dich nur für A+-Satanische Gegenstände. Du wirst alle Charmslots füllen und suchst nach sehr spezifischen S-Tier-Charms.|Destiné au speedfarming de l'Enfer 5+. À ce stade, vous ne cherchez que les meilleures bases de mots runiques, vous ne vous souciez que des objets sataniques de niveau A+. Vous aurez tous les emplacements de charmes remplis et cherchez des charmes de niveau S très spécifiques.
loot_filter_preset_hell_endgame_norw|Intended for Hell 5+ speedfarming. You are only looking for A+ tier Satanics and are skipping Runewords.||Destinado para limpeza rápida do Inferno 5+. Você está apenas procurando por Satânicos de tier A+ e está pulando runewords.|Предназначено для спидфарма Ада 5+. Вы ищете только сатанические предметы уровня A+ и пропускаете рунические слова.|适用于地狱5+的快速刷怪。你只寻找A+级别的撒旦物品，并且跳过符文之语。|地獄5+のスピードファーミングを目的としています。A+ランクのサタニックアイテムのみを探しており、ルーンワードをスキップしています。|지옥 5+ 스피드 파밍을 위한 것입니다. A+ 등급의 사탄 아이템만을 찾고 있으며 룬어는 건너뜁니다. |Gedacht für schnelles Farmen in der Hölle 5+. Du suchst nur nach A+-Satanischen Gegenständen und überspringst Runenwörter.|Destiné au speedfarming de l'Enfer 5+. Vous ne cherchez que des objets sataniques de niveau A+ et sautez les mots runiques.
loot_filter_preset_normal|Intended for playing through the campaign on Normal difficulty. Low tier white items and non Runeword bases, such as Rings and Belts are disabled, everything else is enabled encouraging you to pick up items on the ground as you level.||Destinado para jogar pela campanha na dificuldade Normal. Itens brancos de tier baixo e não-bases de runeword, como anéis e cintos são desativados, todo o resto é ativado te encorajando a pegar itens no chão enquanto passa de nível.|Предназначено для прохождения кампании на нормальной сложности. Предметы низкого уровня белого цвета и без рунических слов, такие как кольца и пояса, отключены, все остальное включено, побуждая вас подбирать предметы с земли по мере повышения уровня.|适用于在普通难度下进行战役。低级白色物品和非符文之语基底，如戒指和腰带被禁用，其他所有物品启用，鼓励你在升级时捡起地上的物品。|ノーマル難易度でキャンペーンをプレイするためのものです。低レベルの白いアイテムやルーンワードのベースでないもの（例：リングやベルト）は無効にされており、他のすべてのアイテムは有効にされているため、レベルアップ時に地面のアイテムを拾うことが奨励されています。|일반 난이도로 캠페인을 진행하기 위한 것입니다. 저등급 흰색 아이템과 룬어 베이스가 아닌 아이템(예: 반지 및 벨트)은 비활성화되고, 다른 모든 것은 활성화되어 레벨업하면서 아이템을 줍는 것을 권장합니다. |Gedacht für das Spielen der Kampagne auf normaler Schwierigkeit. Niedrigstufige weiße Gegenstände und keine Runenwort-Basen wie Ringe und Gürtel sind deaktiviert, alles andere ist aktiviert, was dich ermutigt, Gegenstände auf dem Boden aufzuheben, während du levelst.|Destiné à jouer à la campagne en difficulté Normale. Les objets blancs de bas niveau et les bases non runiques, comme les anneaux et les ceintures, sont désactivés, tout le reste est activé, vous encourageant à ramasser des objets au sol pendant que vous montez en niveau.
loot_filter_title_nightmare|Nightmare||Pesadelo|Кошмар |噩梦 |ナイトメア |악몽 |Albtraum |Cauchemar 
loot_filter_title_hell_early|Early Hell||Começo no Inferno|Начальный Ад |早期地狱 |初期の地獄 |초기 지옥 |Frühe Hölle |Enfer Débutant 
loot_filter_title_hell_midgame|Midgame Hell||Meio de Jogo no Inferno|Средний Ад |中期地狱 |中期の地獄 |중기 지옥 |Mittlere Hölle |Enfer Intermédiaire 
loot_filter_title_hell_endgame|Endgame Hell||Fim de Jogo no Inferno|Конечный Ад |后期地狱 |後期の地獄 |후기 지옥 |Endspielhölle |Enfer Final 
loot_filter_title_hell_endgame_norw|Endgame Hell, no RW||Fim de Jogo no Inferno, sem RW|Конечный Ад, без Рунных Слов |后期地狱，无符文之语 |後期の地獄、ルーンワードなし |후기 지옥, 룬어 없음 |Endspielhölle, keine Runenwörter |Enfer Final, sans Mots Runiques 
loot_filter_title_normal|Normal||Normal|Нормальный |普通 |ノーマル |보통 |Normal |Normal 
|||||||||
highlight_filter_physical_attacker|Physical Attacker||Atacante Físico |Физический Атакующий |物理攻击者 |物理アタッカー |물리 공격자 |Physischer Angreifer |Attaquant Physique 
highlight_filter_arcane_attacker|Arcane Attacker||Atacante Arcano |Магический Атакующий |奥术攻击者 |アーケインアタッカー |비전 공격자 |Arkaner Angreifer |Attaquant Arcanique 
highlight_filter_poison_attacker|Poison Attacker||Atacante de Veneno |Ядовитый Атакующий |毒性攻击者 |毒アタッカー |독 공격자 |Giftangreifer |Attaquant Toxique 
highlight_filter_lightning_attacker|Lightning Attacker||Atacante de Relâmpago |Молниеносный Атакующий |闪电攻击者 |雷アタッカー |번개 공격자 |Blitzangreifer |Attaquant Éclair 
highlight_filter_cold_attacker|Cold Attacker||Atacante de Gelo |Ледяной Атакующий |冰霜攻击者 |冷気アタッカー |냉기 공격자 |Kälteangreifer |Attaquant Glacial 
highlight_filter_fire_attacker|Fire Attacker||Atacante de Fogo |Огненный Атакующий |火焰攻击者 |火炎アタッカー |화염 공격자 |Feuerangreifer |Attaquant de Feu 
highlight_filter_physical_caster|Physical Caster||Conjurador Físico |Физический Колдун |物理施法者 |物理キャスター |물리 시전자 |Physischer Zauberer |Lanceur Physique 
highlight_filter_arcane_caster|Arcane Caster||Conjurador Arcano |Магический Колдун |奥术施法者 |アーケインキャスター |비전 시전자 |Arkaner Zauberer |Lanceur Arcanique 
highlight_filter_poison_caster|Poison Caster||Conjurador de Veneno |Ядовитый Колдун |毒性施法者 |毒キャスター |독 시전자 |Giftzauberer |Lanceur Toxique 
highlight_filter_lightning_caster|Lightning Caster||Conjurador de Relâmpago |Молниеносный Колдун |闪电施法者 |雷キャスター |번개 시전자 |Blitzzauberer |Lanceur d'Éclair 
highlight_filter_cold_caster|Cold Caster||Conjurador de Gelo |Ледяной Колдун |冰霜施法者 |冷気キャスター |냉기 시전자 |Kältezauberer |Lanceur Glacial 
highlight_filter_fire_caster|Fire Caster||Conjurador de Fogo |Огненный Колдун |火焰施法者 |火炎キャスター |화염 시전자 |Feuerzauberer |Lanceur de Feu 
highlight_filter_life_stacker|Life Stacker||Acumulador de Vida |Накопитель Жизни |生命堆叠者 |生命スタッカー |생명 축적자 |Lebensstapler |Accumulateur de Vie 
highlight_filter_mana_stacker|Mana Stacker||Acumulador de Mana |Накопитель Маны |魔法堆叠者 |マナスタッカー |마나 축적자 |Manastapler |Accumulateur de Mana 
highlight_filter_damage_return|Damage Return||Retorno de Dano |Возврат Урона |伤害反弹 |ダメージリターン |피해 반환 |Schadensrückgabe |Renvoi de Dégâts 
